TD-DEPARTMENT OF TRANSPORTATION,108252
DJ-DEPARTMENT OF JUSTICE,40033
HS-DEPARTMENT OF HOMELAND SECURITY,39685
AG-DEPARTMENT OF AGRICULTURE,71115
VA-DEPARTMENT OF VETERANS AFFAIRS,32318
IN-DEPARTMENT OF THE INTERIOR,32318
TD-DEPARTMENT OF TRANSPORTATION,53435
DJ-DEPARTMENT OF JUSTICE,80073
VA-DEPARTMENT OF VETERANS AFFAIRS,38919
HE-DEPARTMENT OF HEALTH AND HUMAN SERVICES,158245
IN-DEPARTMENT OF THE INTERIOR,34292
VA-DEPARTMENT OF VETERANS AFFAIRS,78408
NN-NATIONAL AERONAUTICS AND SPACE ADMINISTRATION,55289
IN-DEPARTMENT OF THE INTERIOR,39858
VA-DEPARTMENT OF VETERANS AFFAIRS,77019
EP-ENVIRONMENTAL PROTECTION AGENCY,102291
VA-DEPARTMENT OF VETERANS AFFAIRS,40033
ST-DEPARTMENT OF STATE,82656
CM-DEPARTMENT OF COMMERCE,74319
AG-DEPARTMENT OF AGRICULTURE,25731
AG-DEPARTMENT OF AGRICULTURE,62542
VA-DEPARTMENT OF VETERANS AFFAIRS,26290
VA-DEPARTMENT OF VETERANS AFFAIRS,39174.4
HS-DEPARTMENT OF HOMELAND SECURITY,34560
AG-DEPARTMENT OF AGRICULTURE,25731
ST-DEPARTMENT OF STATE,73510
AG-DEPARTMENT OF AGRICULTURE,28078
TR-DEPARTMENT OF THE TREASURY,49755
EP-ENVIRONMENTAL PROTECTION AGENCY,73242
VA-DEPARTMENT OF VETERANS AFFAIRS,45289
ST-DEPARTMENT OF STATE,90701
TR-DEPARTMENT OF THE TREASURY,120856
VA-DEPARTMENT OF VETERANS AFFAIRS,77019
AG-DEPARTMENT OF AGRICULTURE,25731
TD-DEPARTMENT OF TRANSPORTATION,135693
ST-DEPARTMENT OF STATE,92987
VA-DEPARTMENT OF VETERANS AFFAIRS,298599
HE-DEPARTMENT OF HEALTH AND HUMAN SERVICES,92145
HE-DEPARTMENT OF HEALTH AND HUMAN SERVICES,139384
TD-DEPARTMENT OF TRANSPORTATION,106081
HS-DEPARTMENT OF HOMELAND SECURITY,43684
HS-DEPARTMENT OF HOMELAND SECURITY,43828
VA-DEPARTMENT OF VETERANS AFFAIRS,112680
VA-DEPARTMENT OF VETERANS AFFAIRS,73493
VA-DEPARTMENT OF VETERANS AFFAIRS,75319
HE-DEPARTMENT OF HEALTH AND HUMAN SERVICES,106773
HS-DEPARTMENT OF HOMELAND SECURITY,34560
VA-DEPARTMENT OF VETERANS AFFAIRS,41278
HS-DEPARTMENT OF HOMELAND SECURITY,39685
VA-DEPARTMENT OF VETERANS AFFAIRS,38919
HE-DEPARTMENT OF HEALTH AND HUMAN SERVICES,95217
VA-DEPARTMENT OF VETERANS AFFAIRS,67364
ST-DEPARTMENT OF STATE,31624
VA-DEPARTMENT OF VETERANS AFFAIRS,69605
TD-DEPARTMENT OF TRANSPORTATION,84078
CM-DEPARTMENT OF COMMERCE,30812
VA-DEPARTMENT OF VETERANS AFFAIRS,109781
CM-DEPARTMENT OF COMMERCE,28886
HS-DEPARTMENT OF HOMELAND SECURITY,46268.79
HS-DEPARTMENT OF HOMELAND SECURITY,76008.54
CM-DEPARTMENT OF COMMERCE,34787
TR-DEPARTMENT OF THE TREASURY,141555
SM-SMITHSONIAN INSTITUTION,170815
CM-DEPARTMENT OF COMMERCE,32678
HS-DEPARTMENT OF HOMELAND SECURITY,160300
CM-DEPARTMENT OF COMMERCE,25731
AG-DEPARTMENT OF AGRICULTURE,49374
TD-DEPARTMENT OF TRANSPORTATION,125061
HS-DEPARTMENT OF HOMELAND SECURITY,85086.99
VA-DEPARTMENT OF VETERANS AFFAIRS,50054
VA-DEPARTMENT OF VETERANS AFFAIRS,37169.47
HS-DEPARTMENT OF HOMELAND SECURITY,67076.18
TR-DEPARTMENT OF THE TREASURY,120907
SZ-SOCIAL SECURITY ADMINISTRATION,170400
VA-DEPARTMENT OF VETERANS AFFAIRS,35381
SZ-SOCIAL SECURITY ADMINISTRATION,77019
HS-DEPARTMENT OF HOMELAND SECURITY,40495
HS-DEPARTMENT OF HOMELAND SECURITY,138267
TR-DEPARTMENT OF THE TREASURY,57337
VA-DEPARTMENT OF VETERANS AFFAIRS,90404
VA-DEPARTMENT OF VETERANS AFFAIRS,34247.67
FC-FEDERAL COMMUNICATIONS COMMISSION,160300
VA-DEPARTMENT OF VETERANS AFFAIRS,94706
VA-DEPARTMENT OF VETERANS AFFAIRS,117410
AM-U.S. AGENCY FOR INTERNATIONAL DEVELOPMENT,160300
CM-DEPARTMENT OF COMMERCE,25731
ST-DEPARTMENT OF STATE,167357
SZ-SOCIAL SECURITY ADMINISTRATION,63095
HS-DEPARTMENT OF HOMELAND SECURITY,85215
TD-DEPARTMENT OF TRANSPORTATION,160300
EP-ENVIRONMENTAL PROTECTION AGENCY,119794
SZ-SOCIAL SECURITY ADMINISTRATION,160300
HS-DEPARTMENT OF HOMELAND SECURITY,42401
IN-DEPARTMENT OF THE INTERIOR,104777
VA-DEPARTMENT OF VETERANS AFFAIRS,49672
VA-DEPARTMENT OF VETERANS AFFAIRS,40033
VA-DEPARTMENT OF VETERANS AFFAIRS,63654
SZ-SOCIAL SECURITY ADMINISTRATION,42012
AG-DEPARTMENT OF AGRICULTURE,73164
HS-DEPARTMENT OF HOMELAND SECURITY,55973.34
VA-DEPARTMENT OF VETERANS AFFAIRS,235000
TD-DEPARTMENT OF TRANSPORTATION,116560
TD-DEPARTMENT OF TRANSPORTATION,160300
ST-DEPARTMENT OF STATE,93293
GS-GENERAL SERVICES ADMINISTRATION,142021
VA-DEPARTMENT OF VETERANS AFFAIRS,51760
ST-DEPARTMENT OF STATE,134296
TR-DEPARTMENT OF THE TREASURY,61477
TD-DEPARTMENT OF TRANSPORTATION,90701
VA-DEPARTMENT OF VETERANS AFFAIRS,41259.99
AG-DEPARTMENT OF AGRICULTURE,69120
VA-DEPARTMENT OF VETERANS AFFAIRS,107725
VA-DEPARTMENT OF VETERANS AFFAIRS,69186
TD-DEPARTMENT OF TRANSPORTATION,134426
VA-DEPARTMENT OF VETERANS AFFAIRS,191368
HS-DEPARTMENT OF HOMELAND SECURITY,46705
TD-DEPARTMENT OF TRANSPORTATION,142021
VA-DEPARTMENT OF VETERANS AFFAIRS,46831
AG-DEPARTMENT OF AGRICULTURE,77019
VA-DEPARTMENT OF VETERANS AFFAIRS,90701
VA-DEPARTMENT OF VETERANS AFFAIRS,46616
TD-DEPARTMENT OF TRANSPORTATION,126749
NN-NATIONAL AERONAUTICS AND SPACE ADMINISTRATION,109848
VA-DEPARTMENT OF VETERANS AFFAIRS,92701
VA-DEPARTMENT OF VETERANS AFFAIRS,209346
ST-DEPARTMENT OF STATE,79996
IN-DEPARTMENT OF THE INTERIOR,145276
CM-DEPARTMENT OF COMMERCE,25731
VA-DEPARTMENT OF VETERANS AFFAIRS,83805
TD-DEPARTMENT OF TRANSPORTATION,80044
TD-DEPARTMENT OF TRANSPORTATION,116824
ST-DEPARTMENT OF STATE,75672
NF-NATIONAL SCIENCE FOUNDATION,179800
TR-DEPARTMENT OF THE TREASURY,49875
TR-DEPARTMENT OF THE TREASURY,45995
AG-DEPARTMENT OF AGRICULTURE,129723
VA-DEPARTMENT OF VETERANS AFFAIRS,55397
HE-DEPARTMENT OF HEALTH AND HUMAN SERVICES,154207
VA-DEPARTMENT OF VETERANS AFFAIRS,75402
HS-DEPARTMENT OF HOMELAND SECURITY,38259
DJ-DEPARTMENT OF JUSTICE,82949
HS-DEPARTMENT OF HOMELAND SECURITY,93607
NN-NATIONAL AERONAUTICS AND SPACE ADMINISTRATION,113121
HS-DEPARTMENT OF HOMELAND SECURITY,44779
HS-DEPARTMENT OF HOMELAND SECURITY,90701
VA-DEPARTMENT OF VETERANS AFFAIRS,49354
GS-GENERAL SERVICES ADMINISTRATION,158700
TR-DEPARTMENT OF THE TREASURY,113650
EP-ENVIRONMENTAL PROTECTION AGENCY,120427
EP-ENVIRONMENTAL PROTECTION AGENCY,102324
VA-DEPARTMENT OF VETERANS AFFAIRS,53188
TD-DEPARTMENT OF TRANSPORTATION,107505
TR-DEPARTMENT OF THE TREASURY,56976
NN-NATIONAL AERONAUTICS AND SPACE ADMINISTRATION,138956
VA-DEPARTMENT OF VETERANS AFFAIRS,77610
HS-DEPARTMENT OF HOMELAND SECURITY,65170
HE-DEPARTMENT OF HEALTH AND HUMAN SERVICES,35381
HE-DEPARTMENT OF HEALTH AND HUMAN SERVICES,157923
CM-DEPARTMENT OF COMMERCE,137926
TR-DEPARTMENT OF THE TREASURY,98476
TD-DEPARTMENT OF TRANSPORTATION,124811
SZ-SOCIAL SECURITY ADMINISTRATION,130666
VA-DEPARTMENT OF VETERANS AFFAIRS,98888
VA-DEPARTMENT OF VETERANS AFFAIRS,201000
VA-DEPARTMENT OF VETERANS AFFAIRS,48304
AG-DEPARTMENT OF AGRICULTURE,42925
VA-DEPARTMENT OF VETERANS AFFAIRS,88821
HE-DEPARTMENT OF HEALTH AND HUMAN SERVICES,123070
ST-DEPARTMENT OF STATE,117105
HE-DEPARTMENT OF HEALTH AND HUMAN SERVICES,141555
AG-DEPARTMENT OF AGRICULTURE,152593
CM-DEPARTMENT OF COMMERCE,46478
VA-DEPARTMENT OF VETERANS AFFAIRS,116528
HS-DEPARTMENT OF HOMELAND SECURITY,101335
TD-DEPARTMENT OF TRANSPORTATION,125239
VA-DEPARTMENT OF VETERANS AFFAIRS,67145
HS-DEPARTMENT OF HOMELAND SECURITY,41112
SB-SMALL BUSINESS ADMINISTRATION,149432
VA-DEPARTMENT OF VETERANS AFFAIRS,47376
HS-DEPARTMENT OF HOMELAND SECURITY,85215
EP-ENVIRONMENTAL PROTECTION AGENCY,141355
DJ-DEPARTMENT OF JUSTICE,117336
HS-DEPARTMENT OF HOMELAND SECURITY,119752.06
VA-DEPARTMENT OF VETERANS AFFAIRS,63654
CM-DEPARTMENT OF COMMERCE,141555
SZ-SOCIAL SECURITY ADMINISTRATION,84320
EP-ENVIRONMENTAL PROTECTION AGENCY,110256.21
VA-DEPARTMENT OF VETERANS AFFAIRS,63175
FD-FEDERAL DEPOSIT INSURANCE CORPORATION,59635
NL-NATIONAL LABOR RELATIONS BOARD,160300
FD-FEDERAL DEPOSIT INSURANCE CORPORATION,172120
FD-FEDERAL DEPOSIT INSURANCE CORPORATION,161106
VA-DEPARTMENT OF VETERANS AFFAIRS,85089
HS-DEPARTMENT OF HOMELAND SECURITY,46371
DJ-DEPARTMENT OF JUSTICE,168845
VA-DEPARTMENT OF VETERANS AFFAIRS,48564.49
TR-DEPARTMENT OF THE TREASURY,84320
VA-DEPARTMENT OF VETERANS AFFAIRS,69120
TR-DEPARTMENT OF THE TREASURY,153702
CM-DEPARTMENT OF COMMERCE,92316
VA-DEPARTMENT OF VETERANS AFFAIRS,50703
VA-DEPARTMENT OF VETERANS AFFAIRS,97162
CM-DEPARTMENT OF COMMERCE,34787
TD-DEPARTMENT OF TRANSPORTATION,152277
IN-DEPARTMENT OF THE INTERIOR,101043
HS-DEPARTMENT OF HOMELAND SECURITY,75747
HS-DEPARTMENT OF HOMELAND SECURITY,106931
TR-DEPARTMENT OF THE TREASURY,182564
HE-DEPARTMENT OF HEALTH AND HUMAN SERVICES,133442.78
VA-DEPARTMENT OF VETERANS AFFAIRS,74217
AG-DEPARTMENT OF AGRICULTURE,58759
HE-DEPARTMENT OF HEALTH AND HUMAN SERVICES,119776
AG-DEPARTMENT OF AGRICULTURE,137926
VA-DEPARTMENT OF VETERANS AFFAIRS,49354
VA-DEPARTMENT OF VETERANS AFFAIRS,50588.88
HE-DEPARTMENT OF HEALTH AND HUMAN SERVICES,157971
HS-DEPARTMENT OF HOMELAND SECURITY,57830.77
HS-DEPARTMENT OF HOMELAND SECURITY,98476
TD-DEPARTMENT OF TRANSPORTATION,185100
EP-ENVIRONMENTAL PROTECTION AGENCY,160300
AG-DEPARTMENT OF AGRICULTURE,85230
VA-DEPARTMENT OF VETERANS AFFAIRS,77121
ED-DEPARTMENT OF EDUCATION,116502
SZ-SOCIAL SECURITY ADMINISTRATION,101067
TR-DEPARTMENT OF THE TREASURY,129723
ST-DEPARTMENT OF STATE,73510
TD-DEPARTMENT OF TRANSPORTATION,111314
EP-ENVIRONMENTAL PROTECTION AGENCY,107859
ST-DEPARTMENT OF STATE,73510
IN-DEPARTMENT OF THE INTERIOR,36025
VA-DEPARTMENT OF VETERANS AFFAIRS,38426
HE-DEPARTMENT OF HEALTH AND HUMAN SERVICES,116722
VA-DEPARTMENT OF VETERANS AFFAIRS,110941
DJ-DEPARTMENT OF JUSTICE,149432
VA-DEPARTMENT OF VETERANS AFFAIRS,97557
VA-DEPARTMENT OF VETERANS AFFAIRS,108816
HS-DEPARTMENT OF HOMELAND SECURITY,101335
TR-DEPARTMENT OF THE TREASURY,69217
VA-DEPARTMENT OF VETERANS AFFAIRS,84443
IN-DEPARTMENT OF THE INTERIOR,87582
VA-DEPARTMENT OF VETERANS AFFAIRS,59854
VA-DEPARTMENT OF VETERANS AFFAIRS,78095
IN-DEPARTMENT OF THE INTERIOR,118018
HS-DEPARTMENT OF HOMELAND SECURITY,71012
VA-DEPARTMENT OF VETERANS AFFAIRS,51722
DJ-DEPARTMENT OF JUSTICE,109781
VA-DEPARTMENT OF VETERANS AFFAIRS,100736
HE-DEPARTMENT OF HEALTH AND HUMAN SERVICES,48968
VA-DEPARTMENT OF VETERANS AFFAIRS,123086
VA-DEPARTMENT OF VETERANS AFFAIRS,76963
SZ-SOCIAL SECURITY ADMINISTRATION,77019
VA-DEPARTMENT OF VETERANS AFFAIRS,49733.21
VA-DEPARTMENT OF VETERANS AFFAIRS,81783
VA-DEPARTMENT OF VETERANS AFFAIRS,73364
VA-DEPARTMENT OF VETERANS AFFAIRS,81374
VA-DEPARTMENT OF VETERANS AFFAIRS,175500
HE-DEPARTMENT OF HEALTH AND HUMAN SERVICES,110578
AG-DEPARTMENT OF AGRICULTURE,36025
FC-FEDERAL COMMUNICATIONS COMMISSION,92987
CM-DEPARTMENT OF COMMERCE,36895
ST-DEPARTMENT OF STATE,73270
ST-DEPARTMENT OF STATE,73510
GS-GENERAL SERVICES ADMINISTRATION,95884
ST-DEPARTMENT OF STATE,82158
VA-DEPARTMENT OF VETERANS AFFAIRS,186245
HE-DEPARTMENT OF HEALTH AND HUMAN SERVICES,130325
TR-DEPARTMENT OF THE TREASURY,211640
TR-DEPARTMENT OF THE TREASURY,49672
ST-DEPARTMENT OF STATE,75672
IN-DEPARTMENT OF THE INTERIOR,78114
HS-DEPARTMENT OF HOMELAND SECURITY,90701
GS-GENERAL SERVICES ADMINISTRATION,93293
EP-ENVIRONMENTAL PROTECTION AGENCY,141555
VA-DEPARTMENT OF VETERANS AFFAIRS,71326
TD-DEPARTMENT OF TRANSPORTATION,110943
VA-DEPARTMENT OF VETERANS AFFAIRS,34247.67
VA-DEPARTMENT OF VETERANS AFFAIRS,123812
VA-DEPARTMENT OF VETERANS AFFAIRS,82583
HS-DEPARTMENT OF HOMELAND SECURITY,102324
CM-DEPARTMENT OF COMMERCE,142018
ST-DEPARTMENT OF STATE,104777
TD-DEPARTMENT OF TRANSPORTATION,77744
TD-DEPARTMENT OF TRANSPORTATION,88952
VA-DEPARTMENT OF VETERANS AFFAIRS,98956
CM-DEPARTMENT OF COMMERCE,30207
SM-SMITHSONIAN INSTITUTION,119794
HS-DEPARTMENT OF HOMELAND SECURITY,107859
VA-DEPARTMENT OF VETERANS AFFAIRS,81905
VA-DEPARTMENT OF VETERANS AFFAIRS,51270
DJ-DEPARTMENT OF JUSTICE,157971
EP-ENVIRONMENTAL PROTECTION AGENCY,108913
IN-DEPARTMENT OF THE INTERIOR,68772
TR-DEPARTMENT OF THE TREASURY,73510
DJ-DEPARTMENT OF JUSTICE,149432
HE-DEPARTMENT OF HEALTH AND HUMAN SERVICES,78114
IN-DEPARTMENT OF THE INTERIOR,85977
EP-ENVIRONMENTAL PROTECTION AGENCY,141555
VA-DEPARTMENT OF VETERANS AFFAIRS,35549
HE-DEPARTMENT OF HEALTH AND HUMAN SERVICES,104433
VA-DEPARTMENT OF VETERANS AFFAIRS,44036
VA-DEPARTMENT OF VETERANS AFFAIRS,69186
HE-DEPARTMENT OF HEALTH AND HUMAN SERVICES,48968
VA-DEPARTMENT OF VETERANS AFFAIRS,77019
TD-DEPARTMENT OF TRANSPORTATION,105705
TD-DEPARTMENT OF TRANSPORTATION,127036
HS-DEPARTMENT OF HOMELAND SECURITY,42507
VA-DEPARTMENT OF VETERANS AFFAIRS,112058
VA-DEPARTMENT OF VETERANS AFFAIRS,376033
VA-DEPARTMENT OF VETERANS AFFAIRS,108985
ST-DEPARTMENT OF STATE,73510
TD-DEPARTMENT OF TRANSPORTATION,117105
VA-DEPARTMENT OF VETERANS AFFAIRS,66149
SZ-SOCIAL SECURITY ADMINISTRATION,69688
SZ-SOCIAL SECURITY ADMINISTRATION,61477
HS-DEPARTMENT OF HOMELAND SECURITY,157923
TR-DEPARTMENT OF THE TREASURY,132916
IN-DEPARTMENT OF THE INTERIOR,151423
TD-DEPARTMENT OF TRANSPORTATION,146688
HE-DEPARTMENT OF HEALTH AND HUMAN SERVICES,87890
TR-DEPARTMENT OF THE TREASURY,196876
VA-DEPARTMENT OF VETERANS AFFAIRS,64941
TR-DEPARTMENT OF THE TREASURY,93293
VA-DEPARTMENT OF VETERANS AFFAIRS,53573.29
VA-DEPARTMENT OF VETERANS AFFAIRS,77834
DL-DEPARTMENT OF LABOR,56976
VA-DEPARTMENT OF VETERANS AFFAIRS,49733.21
VA-DEPARTMENT OF VETERANS AFFAIRS,75973
VA-DEPARTMENT OF VETERANS AFFAIRS,259147
ST-DEPARTMENT OF STATE,153702
AG-DEPARTMENT OF AGRICULTURE,56311
AG-DEPARTMENT OF AGRICULTURE,35841
VA-DEPARTMENT OF VETERANS AFFAIRS,31117.17
GS-GENERAL SERVICES ADMINISTRATION,101808
IN-DEPARTMENT OF THE INTERIOR,94552
ST-DEPARTMENT OF STATE,107859
VA-DEPARTMENT OF VETERANS AFFAIRS,48188.83
DJ-DEPARTMENT OF JUSTICE,92704
HS-DEPARTMENT OF HOMELAND SECURITY,41947
OM-OFFICE OF PERSONNEL MANAGEMENT,130666
VA-DEPARTMENT OF VETERANS AFFAIRS,110573
ST-DEPARTMENT OF STATE,75672
DJ-DEPARTMENT OF JUSTICE,160200
VA-DEPARTMENT OF VETERANS AFFAIRS,101042
IN-DEPARTMENT OF THE INTERIOR,63196
EP-ENVIRONMENTAL PROTECTION AGENCY,101361
IN-DEPARTMENT OF THE INTERIOR,123406
VA-DEPARTMENT OF VETERANS AFFAIRS,56976
HE-DEPARTMENT OF HEALTH AND HUMAN SERVICES,39440
VA-DEPARTMENT OF VETERANS AFFAIRS,130666
CM-DEPARTMENT OF COMMERCE,109781
VA-DEPARTMENT OF VETERANS AFFAIRS,71095
HS-DEPARTMENT OF HOMELAND SECURITY,73896
AG-DEPARTMENT OF AGRICULTURE,102638.66
TR-DEPARTMENT OF THE TREASURY,85001
TR-DEPARTMENT OF THE TREASURY,117105
TR-DEPARTMENT OF THE TREASURY,126124
AG-DEPARTMENT OF AGRICULTURE,59246
VA-DEPARTMENT OF VETERANS AFFAIRS,141555
VA-DEPARTMENT OF VETERANS AFFAIRS,34247.67
HS-DEPARTMENT OF HOMELAND SECURITY,157971
GS-GENERAL SERVICES ADMINISTRATION,52642
HS-DEPARTMENT OF HOMELAND SECURITY,119794
HS-DEPARTMENT OF HOMELAND SECURITY,92316
TD-DEPARTMENT OF TRANSPORTATION,109781
HS-DEPARTMENT OF HOMELAND SECURITY,113444
CM-DEPARTMENT OF COMMERCE,141555
VA-DEPARTMENT OF VETERANS AFFAIRS,81783
EP-ENVIRONMENTAL PROTECTION AGENCY,149432
IN-DEPARTMENT OF THE INTERIOR,79996
EP-ENVIRONMENTAL PROTECTION AGENCY,170969
IN-DEPARTMENT OF THE INTERIOR,48084.48
VA-DEPARTMENT OF VETERANS AFFAIRS,88110
HE-DEPARTMENT OF HEALTH AND HUMAN SERVICES,65218.75
VA-DEPARTMENT OF VETERANS AFFAIRS,36560
VA-DEPARTMENT OF VETERANS AFFAIRS,34247.67
TR-DEPARTMENT OF THE TREASURY,141555
TR-DEPARTMENT OF THE TREASURY,93293
VA-DEPARTMENT OF VETERANS AFFAIRS,82848
VA-DEPARTMENT OF VETERANS AFFAIRS,34247.67
VA-DEPARTMENT OF VETERANS AFFAIRS,37551
AG-DEPARTMENT OF AGRICULTURE,32318
VA-DEPARTMENT OF VETERANS AFFAIRS,90610
DJ-DEPARTMENT OF JUSTICE,55397
AG-DEPARTMENT OF AGRICULTURE,53199
HS-DEPARTMENT OF HOMELAND SECURITY,55495
HE-DEPARTMENT OF HEALTH AND HUMAN SERVICES,109245
IN-DEPARTMENT OF THE INTERIOR,77019
HE-DEPARTMENT OF HEALTH AND HUMAN SERVICES,93542
IN-DEPARTMENT OF THE INTERIOR,105622
ST-DEPARTMENT OF STATE,93293
AM-U.S. AGENCY FOR INTERNATIONAL DEVELOPMENT,104433
VA-DEPARTMENT OF VETERANS AFFAIRS,40828
IN-DEPARTMENT OF THE INTERIOR,92316
CM-DEPARTMENT OF COMMERCE,160300
HE-DEPARTMENT OF HEALTH AND HUMAN SERVICES,71012
VA-DEPARTMENT OF VETERANS AFFAIRS,60309
SZ-SOCIAL SECURITY ADMINISTRATION,67145
DJ-DEPARTMENT OF JUSTICE,160200
TR-DEPARTMENT OF THE TREASURY,159314
DJ-DEPARTMENT OF JUSTICE,107263
VA-DEPARTMENT OF VETERANS AFFAIRS,48600
HS-DEPARTMENT OF HOMELAND SECURITY,34018.1
IN-DEPARTMENT OF THE INTERIOR,61221
TD-DEPARTMENT OF TRANSPORTATION,120341
TR-DEPARTMENT OF THE TREASURY,68342
VA-DEPARTMENT OF VETERANS AFFAIRS,108501
VA-DEPARTMENT OF VETERANS AFFAIRS,77834
AG-DEPARTMENT OF AGRICULTURE,59387
TD-DEPARTMENT OF TRANSPORTATION,120476
SZ-SOCIAL SECURITY ADMINISTRATION,93293
ST-DEPARTMENT OF STATE,130666
VA-DEPARTMENT OF VETERANS AFFAIRS,74862
TR-DEPARTMENT OF THE TREASURY,142021
DJ-DEPARTMENT OF JUSTICE,52232
VA-DEPARTMENT OF VETERANS AFFAIRS,47254
HS-DEPARTMENT OF HOMELAND SECURITY,104433
VA-DEPARTMENT OF VETERANS AFFAIRS,56976
HS-DEPARTMENT OF HOMELAND SECURITY,130666
NN-NATIONAL AERONAUTICS AND SPACE ADMINISTRATION,123070
HS-DEPARTMENT OF HOMELAND SECURITY,85196
VA-DEPARTMENT OF VETERANS AFFAIRS,75973
SE-SECURITIES AND EXCHANGE COMMISSION,234998
VA-DEPARTMENT OF VETERANS AFFAIRS,46831
VA-DEPARTMENT OF VETERANS AFFAIRS,85519
TD-DEPARTMENT OF TRANSPORTATION,65749
EP-ENVIRONMENTAL PROTECTION AGENCY,94193
VA-DEPARTMENT OF VETERANS AFFAIRS,107859
AG-DEPARTMENT OF AGRICULTURE,87704
HS-DEPARTMENT OF HOMELAND SECURITY,112517
TR-DEPARTMENT OF THE TREASURY,93293
HS-DEPARTMENT OF HOMELAND SECURITY,78114
HS-DEPARTMENT OF HOMELAND SECURITY,34560
SE-SECURITIES AND EXCHANGE COMMISSION,205336
TD-DEPARTMENT OF TRANSPORTATION,81756
DL-DEPARTMENT OF LABOR,104304
VA-DEPARTMENT OF VETERANS AFFAIRS,52425.44
VA-DEPARTMENT OF VETERANS AFFAIRS,84302
VA-DEPARTMENT OF VETERANS AFFAIRS,62022
ST-DEPARTMENT OF STATE,92145
TR-DEPARTMENT OF THE TREASURY,101067
VA-DEPARTMENT OF VETERANS AFFAIRS,46001
HS-DEPARTMENT OF HOMELAND SECURITY,71604.97
VA-DEPARTMENT OF VETERANS AFFAIRS,60391
VA-DEPARTMENT OF VETERANS AFFAIRS,43684
NN-NATIONAL AERONAUTICS AND SPACE ADMINISTRATION,145162
HS-DEPARTMENT OF HOMELAND SECURITY,134296
NN-NATIONAL AERONAUTICS AND SPACE ADMINISTRATION,160300
TR-DEPARTMENT OF THE TREASURY,111408
HS-DEPARTMENT OF HOMELAND SECURITY,39685
HS-DEPARTMENT OF HOMELAND SECURITY,99487
TR-DEPARTMENT OF THE TREASURY,98289
DJ-DEPARTMENT OF JUSTICE,105969
DJ-DEPARTMENT OF JUSTICE,46831
VA-DEPARTMENT OF VETERANS AFFAIRS,77610
ST-DEPARTMENT OF STATE,75672
DJ-DEPARTMENT OF JUSTICE,107859
DL-DEPARTMENT OF LABOR,101694
TD-DEPARTMENT OF TRANSPORTATION,104655
HS-DEPARTMENT OF HOMELAND SECURITY,69288
DJ-DEPARTMENT OF JUSTICE,52232
VA-DEPARTMENT OF VETERANS AFFAIRS,38526.02
DL-DEPARTMENT OF LABOR,98519
HS-DEPARTMENT OF HOMELAND SECURITY,90368
FD-FEDERAL DEPOSIT INSURANCE CORPORATION,157343
HS-DEPARTMENT OF HOMELAND SECURITY,50943.67
VA-DEPARTMENT OF VETERANS AFFAIRS,44430
TR-DEPARTMENT OF THE TREASURY,55516
DJ-DEPARTMENT OF JUSTICE,71553
VA-DEPARTMENT OF VETERANS AFFAIRS,63665
VA-DEPARTMENT OF VETERANS AFFAIRS,95884
AG-DEPARTMENT OF AGRICULTURE,104777
NN-NATIONAL AERONAUTICS AND SPACE ADMINISTRATION,152687
HS-DEPARTMENT OF HOMELAND SECURITY,134296
VA-DEPARTMENT OF VETERANS AFFAIRS,73646
TR-DEPARTMENT OF THE TREASURY,49672
VA-DEPARTMENT OF VETERANS AFFAIRS,109781
DJ-DEPARTMENT OF JUSTICE,104292
AG-DEPARTMENT OF AGRICULTURE,107096
TD-DEPARTMENT OF TRANSPORTATION,140501
TD-DEPARTMENT OF TRANSPORTATION,84917
TD-DEPARTMENT OF TRANSPORTATION,134482
DJ-DEPARTMENT OF JUSTICE,174100
HS-DEPARTMENT OF HOMELAND SECURITY,101067
DJ-DEPARTMENT OF JUSTICE,110941
IN-DEPARTMENT OF THE INTERIOR,90805.37
VA-DEPARTMENT OF VETERANS AFFAIRS,58564
SZ-SOCIAL SECURITY ADMINISTRATION,98669
VA-DEPARTMENT OF VETERANS AFFAIRS,103112
TR-DEPARTMENT OF THE TREASURY,71182
ST-DEPARTMENT OF STATE,53610
SE-SECURITIES AND EXCHANGE COMMISSION,237700
VA-DEPARTMENT OF VETERANS AFFAIRS,92316
AG-DEPARTMENT OF AGRICULTURE,71095
HE-DEPARTMENT OF HEALTH AND HUMAN SERVICES,108887
VA-DEPARTMENT OF VETERANS AFFAIRS,110941
TD-DEPARTMENT OF TRANSPORTATION,104398
HS-DEPARTMENT OF HOMELAND SECURITY,67076.18
CM-DEPARTMENT OF COMMERCE,165047
VA-DEPARTMENT OF VETERANS AFFAIRS,37225
EP-ENVIRONMENTAL PROTECTION AGENCY,137926
DJ-DEPARTMENT OF JUSTICE,120187
HS-DEPARTMENT OF HOMELAND SECURITY,42282
AG-DEPARTMENT OF AGRICULTURE,49169.72
TD-DEPARTMENT OF TRANSPORTATION,147170
IN-DEPARTMENT OF THE INTERIOR,168660
HU-DEPARTMENT OF HOUSING AND URBAN DEVELOPMENT,82927
IN-DEPARTMENT OF THE INTERIOR,62022
HE-DEPARTMENT OF HEALTH AND HUMAN SERVICES,131095
TR-DEPARTMENT OF THE TREASURY,56976
HS-DEPARTMENT OF HOMELAND SECURITY,110252
CM-DEPARTMENT OF COMMERCE,25731
BG-PENSION BENEFIT GUARANTY CORPORATION,141555
TD-DEPARTMENT OF TRANSPORTATION,88110
IN-DEPARTMENT OF THE INTERIOR,153702
HS-DEPARTMENT OF HOMELAND SECURITY,46682
VA-DEPARTMENT OF VETERANS AFFAIRS,54055
TR-DEPARTMENT OF THE TREASURY,35381
IN-DEPARTMENT OF THE INTERIOR,88110
VA-DEPARTMENT OF VETERANS AFFAIRS,25983.15
IN-DEPARTMENT OF THE INTERIOR,120159
HS-DEPARTMENT OF HOMELAND SECURITY,106965
VA-DEPARTMENT OF VETERANS AFFAIRS,49956
VA-DEPARTMENT OF VETERANS AFFAIRS,81783
ST-DEPARTMENT OF STATE,35381
TR-DEPARTMENT OF THE TREASURY,55088
TD-DEPARTMENT OF TRANSPORTATION,152941
BG-PENSION BENEFIT GUARANTY CORPORATION,149432
VA-DEPARTMENT OF VETERANS AFFAIRS,44036
EP-ENVIRONMENTAL PROTECTION AGENCY,137926
HS-DEPARTMENT OF HOMELAND SECURITY,116528
DJ-DEPARTMENT OF JUSTICE,79996
VA-DEPARTMENT OF VETERANS AFFAIRS,66115
AG-DEPARTMENT OF AGRICULTURE,67145
SB-SMALL BUSINESS ADMINISTRATION,128082
DJ-DEPARTMENT OF JUSTICE,109781
IN-DEPARTMENT OF THE INTERIOR,55495
HS-DEPARTMENT OF HOMELAND SECURITY,88550
ST-DEPARTMENT OF STATE,104777
FC-FEDERAL COMMUNICATIONS COMMISSION,165300
VA-DEPARTMENT OF VETERANS AFFAIRS,32318
HS-DEPARTMENT OF HOMELAND SECURITY,40928
SZ-SOCIAL SECURITY ADMINISTRATION,73510
HS-DEPARTMENT OF HOMELAND SECURITY,98519
TD-DEPARTMENT OF TRANSPORTATION,107006
HS-DEPARTMENT OF HOMELAND SECURITY,160300
CM-DEPARTMENT OF COMMERCE,106965
VA-DEPARTMENT OF VETERANS AFFAIRS,44953.98
AG-DEPARTMENT OF AGRICULTURE,73070
CU-NATIONAL CREDIT UNION ADMINISTRATION,176897
HS-DEPARTMENT OF HOMELAND SECURITY,45906
ST-DEPARTMENT OF STATE,85519
DJ-DEPARTMENT OF JUSTICE,160300
HS-DEPARTMENT OF HOMELAND SECURITY,104392
PU-PEACE CORPS,100070
AG-DEPARTMENT OF AGRICULTURE,92316
AG-DEPARTMENT OF AGRICULTURE,55495
IN-DEPARTMENT OF THE INTERIOR,50275.83
TR-DEPARTMENT OF THE TREASURY,160300
VA-DEPARTMENT OF VETERANS AFFAIRS,44551
DJ-DEPARTMENT OF JUSTICE,127453
CM-DEPARTMENT OF COMMERCE,69587
HS-DEPARTMENT OF HOMELAND SECURITY,40817
DJ-DEPARTMENT OF JUSTICE,119533
VA-DEPARTMENT OF VETERANS AFFAIRS,57337
DL-DEPARTMENT OF LABOR,95884
VA-DEPARTMENT OF VETERANS AFFAIRS,98476
DJ-DEPARTMENT OF JUSTICE,120187
VA-DEPARTMENT OF VETERANS AFFAIRS,37225
VA-DEPARTMENT OF VETERANS AFFAIRS,34247.67
IN-DEPARTMENT OF THE INTERIOR,67145
VA-DEPARTMENT OF VETERANS AFFAIRS,40098
VA-DEPARTMENT OF VETERANS AFFAIRS,40091.27
TR-DEPARTMENT OF THE TREASURY,82158
VA-DEPARTMENT OF VETERANS AFFAIRS,80926
IN-DEPARTMENT OF THE INTERIOR,84320
VA-DEPARTMENT OF VETERANS AFFAIRS,33182
TR-DEPARTMENT OF THE TREASURY,88924
IN-DEPARTMENT OF THE INTERIOR,44036
SM-SMITHSONIAN INSTITUTION,69460
TR-DEPARTMENT OF THE TREASURY,112998
VA-DEPARTMENT OF VETERANS AFFAIRS,111314
TD-DEPARTMENT OF TRANSPORTATION,109648
HS-DEPARTMENT OF HOMELAND SECURITY,90073
VA-DEPARTMENT OF VETERANS AFFAIRS,49354
AG-DEPARTMENT OF AGRICULTURE,32318
IN-DEPARTMENT OF THE INTERIOR,51632.38
IN-DEPARTMENT OF THE INTERIOR,77019
VA-DEPARTMENT OF VETERANS AFFAIRS,68803
AG-DEPARTMENT OF AGRICULTURE,59500.37
GS-GENERAL SERVICES ADMINISTRATION,132178
HS-DEPARTMENT OF HOMELAND SECURITY,32247
HS-DEPARTMENT OF HOMELAND SECURITY,143009
CM-DEPARTMENT OF COMMERCE,145162
FC-FEDERAL COMMUNICATIONS COMMISSION,160300
AG-DEPARTMENT OF AGRICULTURE,50709
IN-DEPARTMENT OF THE INTERIOR,110848
VA-DEPARTMENT OF VETERANS AFFAIRS,84337
TR-DEPARTMENT OF THE TREASURY,131095
DJ-DEPARTMENT OF JUSTICE,160300
IN-DEPARTMENT OF THE INTERIOR,38400.8
DJ-DEPARTMENT OF JUSTICE,127036
VA-DEPARTMENT OF VETERANS AFFAIRS,140854
VA-DEPARTMENT OF VETERANS AFFAIRS,75672
ST-DEPARTMENT OF STATE,145162
HS-DEPARTMENT OF HOMELAND SECURITY,82690
VA-DEPARTMENT OF VETERANS AFFAIRS,107262
VA-DEPARTMENT OF VETERANS AFFAIRS,78885
IN-DEPARTMENT OF THE INTERIOR,85215
DJ-DEPARTMENT OF JUSTICE,57015
TD-DEPARTMENT OF TRANSPORTATION,123771
IN-DEPARTMENT OF THE INTERIOR,104751
ST-DEPARTMENT OF STATE,110941
OM-OFFICE OF PERSONNEL MANAGEMENT,149432
HE-DEPARTMENT OF HEALTH AND HUMAN SERVICES,101694
ST-DEPARTMENT OF STATE,107859
CM-DEPARTMENT OF COMMERCE,117711
TD-DEPARTMENT OF TRANSPORTATION,154937
VA-DEPARTMENT OF VETERANS AFFAIRS,127036
DJ-DEPARTMENT OF JUSTICE,62768
ST-DEPARTMENT OF STATE,75672
CM-DEPARTMENT OF COMMERCE,52594
TR-DEPARTMENT OF THE TREASURY,98476
VA-DEPARTMENT OF VETERANS AFFAIRS,36025
TR-DEPARTMENT OF THE TREASURY,39440
ST-DEPARTMENT OF STATE,85519
AG-DEPARTMENT OF AGRICULTURE,85215
EP-ENVIRONMENTAL PROTECTION AGENCY,160300
ST-DEPARTMENT OF STATE,75672
ST-DEPARTMENT OF STATE,75672
TD-DEPARTMENT OF TRANSPORTATION,119794
VA-DEPARTMENT OF VETERANS AFFAIRS,104777
HS-DEPARTMENT OF HOMELAND SECURITY,145162
VA-DEPARTMENT OF VETERANS AFFAIRS,88110
HS-DEPARTMENT OF HOMELAND SECURITY,119776
VA-DEPARTMENT OF VETERANS AFFAIRS,88110
HS-DEPARTMENT OF HOMELAND SECURITY,83751.31
VA-DEPARTMENT OF VETERANS AFFAIRS,119744
AG-DEPARTMENT OF AGRICULTURE,85519
IN-DEPARTMENT OF THE INTERIOR,82848
VA-DEPARTMENT OF VETERANS AFFAIRS,45893.13
VA-DEPARTMENT OF VETERANS AFFAIRS,71348
VA-DEPARTMENT OF VETERANS AFFAIRS,30741.51
HS-DEPARTMENT OF HOMELAND SECURITY,57830.77
HS-DEPARTMENT OF HOMELAND SECURITY,82848
AG-DEPARTMENT OF AGRICULTURE,32318
SZ-SOCIAL SECURITY ADMINISTRATION,87582
VA-DEPARTMENT OF VETERANS AFFAIRS,63654
VA-DEPARTMENT OF VETERANS AFFAIRS,67024
HS-DEPARTMENT OF HOMELAND SECURITY,90971
VA-DEPARTMENT OF VETERANS AFFAIRS,96281
IN-DEPARTMENT OF THE INTERIOR,120187
HS-DEPARTMENT OF HOMELAND SECURITY,42519
VA-DEPARTMENT OF VETERANS AFFAIRS,39675
IN-DEPARTMENT OF THE INTERIOR,65881
VA-DEPARTMENT OF VETERANS AFFAIRS,33395
HS-DEPARTMENT OF HOMELAND SECURITY,42012
VA-DEPARTMENT OF VETERANS AFFAIRS,75747
VA-DEPARTMENT OF VETERANS AFFAIRS,49672
VA-DEPARTMENT OF VETERANS AFFAIRS,28299.72
HS-DEPARTMENT OF HOMELAND SECURITY,93019
HS-DEPARTMENT OF HOMELAND SECURITY,39685
EP-ENVIRONMENTAL PROTECTION AGENCY,117105
HU-DEPARTMENT OF HOUSING AND URBAN DEVELOPMENT,99858
IN-DEPARTMENT OF THE INTERIOR,88089
TR-DEPARTMENT OF THE TREASURY,81979
VA-DEPARTMENT OF VETERANS AFFAIRS,68983
VA-DEPARTMENT OF VETERANS AFFAIRS,84443
TD-DEPARTMENT OF TRANSPORTATION,62117
VA-DEPARTMENT OF VETERANS AFFAIRS,79215
HU-DEPARTMENT OF HOUSING AND URBAN DEVELOPMENT,104777
TD-DEPARTMENT OF TRANSPORTATION,134973
NU-NUCLEAR REGULATORY COMMISSION,137926
HE-DEPARTMENT OF HEALTH AND HUMAN SERVICES,141461
NN-NATIONAL AERONAUTICS AND SPACE ADMINISTRATION,123070
HS-DEPARTMENT OF HOMELAND SECURITY,81101
HS-DEPARTMENT OF HOMELAND SECURITY,91588
TD-DEPARTMENT OF TRANSPORTATION,120341
HS-DEPARTMENT OF HOMELAND SECURITY,40742
TR-DEPARTMENT OF THE TREASURY,134296
VA-DEPARTMENT OF VETERANS AFFAIRS,50067.13
HS-DEPARTMENT OF HOMELAND SECURITY,61864
HE-DEPARTMENT OF HEALTH AND HUMAN SERVICES,135656
AG-DEPARTMENT OF AGRICULTURE,123406
VA-DEPARTMENT OF VETERANS AFFAIRS,38426
TR-DEPARTMENT OF THE TREASURY,63095
SM-SMITHSONIAN INSTITUTION,81889
IN-DEPARTMENT OF THE INTERIOR,48968
VA-DEPARTMENT OF VETERANS AFFAIRS,47061.85
DJ-DEPARTMENT OF JUSTICE,51528.03
ST-DEPARTMENT OF STATE,75672
IN-DEPARTMENT OF THE INTERIOR,56963
VA-DEPARTMENT OF VETERANS AFFAIRS,31117.17
SZ-SOCIAL SECURITY ADMINISTRATION,107859
HS-DEPARTMENT OF HOMELAND SECURITY,82848
TD-DEPARTMENT OF TRANSPORTATION,127453
HS-DEPARTMENT OF HOMELAND SECURITY,83348
HS-DEPARTMENT OF HOMELAND SECURITY,90073
VA-DEPARTMENT OF VETERANS AFFAIRS,90394
VA-DEPARTMENT OF VETERANS AFFAIRS,33395
TD-DEPARTMENT OF TRANSPORTATION,111951
TD-DEPARTMENT OF TRANSPORTATION,115866
IN-DEPARTMENT OF THE INTERIOR,102515
HS-DEPARTMENT OF HOMELAND SECURITY,50359
ST-DEPARTMENT OF STATE,101694
TR-DEPARTMENT OF THE TREASURY,119776
TD-DEPARTMENT OF TRANSPORTATION,139278
TR-DEPARTMENT OF THE TREASURY,101694
DJ-DEPARTMENT OF JUSTICE,116580
VA-DEPARTMENT OF VETERANS AFFAIRS,46012
IN-DEPARTMENT OF THE INTERIOR,80481
HE-DEPARTMENT OF HEALTH AND HUMAN SERVICES,119794
HS-DEPARTMENT OF HOMELAND SECURITY,73070
TR-DEPARTMENT OF THE TREASURY,134737
HS-DEPARTMENT OF HOMELAND SECURITY,85238
DJ-DEPARTMENT OF JUSTICE,107859
VA-DEPARTMENT OF VETERANS AFFAIRS,126707
HS-DEPARTMENT OF HOMELAND SECURITY,40299
ST-DEPARTMENT OF STATE,69186
DJ-DEPARTMENT OF JUSTICE,130666
TD-DEPARTMENT OF TRANSPORTATION,181190
VA-DEPARTMENT OF VETERANS AFFAIRS,37225
HS-DEPARTMENT OF HOMELAND SECURITY,82848
IN-DEPARTMENT OF THE INTERIOR,83975
DJ-DEPARTMENT OF JUSTICE,87582
DJ-DEPARTMENT OF JUSTICE,104150
VA-DEPARTMENT OF VETERANS AFFAIRS,48211
AH-NATIONAL FOUNDATION ON THE ARTS AND THE HUMANITIES,119776
HS-DEPARTMENT OF HOMELAND SECURITY,38373
DJ-DEPARTMENT OF JUSTICE,160300
VD-PRIVACY AND CIVIL LIBERTIES OVERSIGHT BOARD,149432
AG-DEPARTMENT OF AGRICULTURE,48040
EP-ENVIRONMENTAL PROTECTION AGENCY,116722
VA-DEPARTMENT OF VETERANS AFFAIRS,223365
GS-GENERAL SERVICES ADMINISTRATION,107859
ST-DEPARTMENT OF STATE,75672
VA-DEPARTMENT OF VETERANS AFFAIRS,62660
HS-DEPARTMENT OF HOMELAND SECURITY,88583
DJ-DEPARTMENT OF JUSTICE,61900.42
VA-DEPARTMENT OF VETERANS AFFAIRS,81184
TR-DEPARTMENT OF THE TREASURY,67024
CM-DEPARTMENT OF COMMERCE,140114
HS-DEPARTMENT OF HOMELAND SECURITY,87258
VA-DEPARTMENT OF VETERANS AFFAIRS,46705
VA-DEPARTMENT OF VETERANS AFFAIRS,36626
TR-DEPARTMENT OF THE TREASURY,116146
TR-DEPARTMENT OF THE TREASURY,55007
AG-DEPARTMENT OF AGRICULTURE,32318
TD-DEPARTMENT OF TRANSPORTATION,97350
ST-DEPARTMENT OF STATE,110578
VA-DEPARTMENT OF VETERANS AFFAIRS,105340
HS-DEPARTMENT OF HOMELAND SECURITY,61211.71
HS-DEPARTMENT OF HOMELAND SECURITY,36249
VA-DEPARTMENT OF VETERANS AFFAIRS,123812
HE-DEPARTMENT OF HEALTH AND HUMAN SERVICES,76142
DJ-DEPARTMENT OF JUSTICE,71012
VA-DEPARTMENT OF VETERANS AFFAIRS,159769
VA-DEPARTMENT OF VETERANS AFFAIRS,78114
DJ-DEPARTMENT OF JUSTICE,64711
HE-DEPARTMENT OF HEALTH AND HUMAN SERVICES,123406
VA-DEPARTMENT OF VETERANS AFFAIRS,91588
VA-DEPARTMENT OF VETERANS AFFAIRS,143840
IN-DEPARTMENT OF THE INTERIOR,35807
DL-DEPARTMENT OF LABOR,104777
VA-DEPARTMENT OF VETERANS AFFAIRS,40033
HS-DEPARTMENT OF HOMELAND SECURITY,113091
TR-DEPARTMENT OF THE TREASURY,125134
DJ-DEPARTMENT OF JUSTICE,73510
SZ-SOCIAL SECURITY ADMINISTRATION,71095
AG-DEPARTMENT OF AGRICULTURE,32318
SZ-SOCIAL SECURITY ADMINISTRATION,153702
DJ-DEPARTMENT OF JUSTICE,114023
AG-DEPARTMENT OF AGRICULTURE,144157
ST-DEPARTMENT OF STATE,88110
TD-DEPARTMENT OF TRANSPORTATION,90373
HS-DEPARTMENT OF HOMELAND SECURITY,119776
DL-DEPARTMENT OF LABOR,120187
VA-DEPARTMENT OF VETERANS AFFAIRS,44430
VA-DEPARTMENT OF VETERANS AFFAIRS,71023
DL-DEPARTMENT OF LABOR,101067
IN-DEPARTMENT OF THE INTERIOR,92448
VA-DEPARTMENT OF VETERANS AFFAIRS,40754
HS-DEPARTMENT OF HOMELAND SECURITY,101335
PU-PEACE CORPS,126450
DJ-DEPARTMENT OF JUSTICE,145162
DJ-DEPARTMENT OF JUSTICE,101361
IN-DEPARTMENT OF THE INTERIOR,62022
CM-DEPARTMENT OF COMMERCE,119794
VA-DEPARTMENT OF VETERANS AFFAIRS,77019
TD-DEPARTMENT OF TRANSPORTATION,139369
DJ-DEPARTMENT OF JUSTICE,65286
CM-DEPARTMENT OF COMMERCE,90404
DJ-DEPARTMENT OF JUSTICE,160200
GS-GENERAL SERVICES ADMINISTRATION,93293
VA-DEPARTMENT OF VETERANS AFFAIRS,66909
AG-DEPARTMENT OF AGRICULTURE,77019
VA-DEPARTMENT OF VETERANS AFFAIRS,39858
IN-DEPARTMENT OF THE INTERIOR,98289
HS-DEPARTMENT OF HOMELAND SECURITY,127036
TR-DEPARTMENT OF THE TREASURY,109266
DJ-DEPARTMENT OF JUSTICE,95704
VA-DEPARTMENT OF VETERANS AFFAIRS,35549
TR-DEPARTMENT OF THE TREASURY,84320
VA-DEPARTMENT OF VETERANS AFFAIRS,44036
VA-DEPARTMENT OF VETERANS AFFAIRS,75839
HS-DEPARTMENT OF HOMELAND SECURITY,51096
VA-DEPARTMENT OF VETERANS AFFAIRS,50244
FD-FEDERAL DEPOSIT INSURANCE CORPORATION,189919
HS-DEPARTMENT OF HOMELAND SECURITY,80481
VA-DEPARTMENT OF VETERANS AFFAIRS,88550
VA-DEPARTMENT OF VETERANS AFFAIRS,42457
TR-DEPARTMENT OF THE TREASURY,44113
VA-DEPARTMENT OF VETERANS AFFAIRS,90116
VA-DEPARTMENT OF VETERANS AFFAIRS,90701
DJ-DEPARTMENT OF JUSTICE,117593
HS-DEPARTMENT OF HOMELAND SECURITY,97939
SZ-SOCIAL SECURITY ADMINISTRATION,117105
IN-DEPARTMENT OF THE INTERIOR,96832
ST-DEPARTMENT OF STATE,77834
SZ-SOCIAL SECURITY ADMINISTRATION,144094
NN-NATIONAL AERONAUTICS AND SPACE ADMINISTRATION,126474
DJ-DEPARTMENT OF JUSTICE,64676.13
TD-DEPARTMENT OF TRANSPORTATION,88524
VA-DEPARTMENT OF VETERANS AFFAIRS,32318
ST-DEPARTMENT OF STATE,90701
SZ-SOCIAL SECURITY ADMINISTRATION,112886
TD-DEPARTMENT OF TRANSPORTATION,138034
AG-DEPARTMENT OF AGRICULTURE,67145
TR-DEPARTMENT OF THE TREASURY,116528
TR-DEPARTMENT OF THE TREASURY,63095
AG-DEPARTMENT OF AGRICULTURE,32318
HS-DEPARTMENT OF HOMELAND SECURITY,107859
VA-DEPARTMENT OF VETERANS AFFAIRS,44430
HS-DEPARTMENT OF HOMELAND SECURITY,53753
SZ-SOCIAL SECURITY ADMINISTRATION,60756
AG-DEPARTMENT OF AGRICULTURE,42028
TR-DEPARTMENT OF THE TREASURY,112517
VA-DEPARTMENT OF VETERANS AFFAIRS,56186
SE-SECURITIES AND EXCHANGE COMMISSION,237700
AG-DEPARTMENT OF AGRICULTURE,140892
DJ-DEPARTMENT OF JUSTICE,92363
HS-DEPARTMENT OF HOMELAND SECURITY,141555
TR-DEPARTMENT OF THE TREASURY,75672
VA-DEPARTMENT OF VETERANS AFFAIRS,101361
DJ-DEPARTMENT OF JUSTICE,63095
VA-DEPARTMENT OF VETERANS AFFAIRS,87702
HE-DEPARTMENT OF HEALTH AND HUMAN SERVICES,108913
AG-DEPARTMENT OF AGRICULTURE,59246
TR-DEPARTMENT OF THE TREASURY,66147
VA-DEPARTMENT OF VETERANS AFFAIRS,65170
HS-DEPARTMENT OF HOMELAND SECURITY,160300
HS-DEPARTMENT OF HOMELAND SECURITY,40521
CM-DEPARTMENT OF COMMERCE,65594
SZ-SOCIAL SECURITY ADMINISTRATION,65170
AG-DEPARTMENT OF AGRICULTURE,78114
OM-OFFICE OF PERSONNEL MANAGEMENT,64650
SB-SMALL BUSINESS ADMINISTRATION,86294
SZ-SOCIAL SECURITY ADMINISTRATION,77490
VA-DEPARTMENT OF VETERANS AFFAIRS,134296
ST-DEPARTMENT OF STATE,63654
HE-DEPARTMENT OF HEALTH AND HUMAN SERVICES,104433
AM-U.S. AGENCY FOR INTERNATIONAL DEVELOPMENT,152409
HS-DEPARTMENT OF HOMELAND SECURITY,104099
ST-DEPARTMENT OF STATE,75672
DJ-DEPARTMENT OF JUSTICE,163799
SZ-SOCIAL SECURITY ADMINISTRATION,57183
TR-DEPARTMENT OF THE TREASURY,68793
VA-DEPARTMENT OF VETERANS AFFAIRS,82848
DL-DEPARTMENT OF LABOR,93293
HS-DEPARTMENT OF HOMELAND SECURITY,53098
DJ-DEPARTMENT OF JUSTICE,77490
VA-DEPARTMENT OF VETERANS AFFAIRS,55397
VA-DEPARTMENT OF VETERANS AFFAIRS,32357
DJ-DEPARTMENT OF JUSTICE,65286
HS-DEPARTMENT OF HOMELAND SECURITY,160300
HE-DEPARTMENT OF HEALTH AND HUMAN SERVICES,114802
ST-DEPARTMENT OF STATE,56976
ST-DEPARTMENT OF STATE,114023
HS-DEPARTMENT OF HOMELAND SECURITY,106438
IN-DEPARTMENT OF THE INTERIOR,108887
AG-DEPARTMENT OF AGRICULTURE,60391
VA-DEPARTMENT OF VETERANS AFFAIRS,89112
IN-DEPARTMENT OF THE INTERIOR,97137
TD-DEPARTMENT OF TRANSPORTATION,134737
VA-DEPARTMENT OF VETERANS AFFAIRS,42457
TR-DEPARTMENT OF THE TREASURY,119776
SM-SMITHSONIAN INSTITUTION,56996
CM-DEPARTMENT OF COMMERCE,58669
HE-DEPARTMENT OF HEALTH AND HUMAN SERVICES,110272
HS-DEPARTMENT OF HOMELAND SECURITY,104952
VA-DEPARTMENT OF VETERANS AFFAIRS,39627
HS-DEPARTMENT OF HOMELAND SECURITY,44843
HS-DEPARTMENT OF HOMELAND SECURITY,47962
TR-DEPARTMENT OF THE TREASURY,59037
SZ-SOCIAL SECURITY ADMINISTRATION,119794
VA-DEPARTMENT OF VETERANS AFFAIRS,86941
AG-DEPARTMENT OF AGRICULTURE,140892
TR-DEPARTMENT OF THE TREASURY,63095
VA-DEPARTMENT OF VETERANS AFFAIRS,78114
HE-DEPARTMENT OF HEALTH AND HUMAN SERVICES,93019
TR-DEPARTMENT OF THE TREASURY,55100
DJ-DEPARTMENT OF JUSTICE,51528.03
HS-DEPARTMENT OF HOMELAND SECURITY,75438
HS-DEPARTMENT OF HOMELAND SECURITY,101694
TD-DEPARTMENT OF TRANSPORTATION,152420
EP-ENVIRONMENTAL PROTECTION AGENCY,64650
HE-DEPARTMENT OF HEALTH AND HUMAN SERVICES,48537
TD-DEPARTMENT OF TRANSPORTATION,165002
HS-DEPARTMENT OF HOMELAND SECURITY,81525
HS-DEPARTMENT OF HOMELAND SECURITY,60641
HS-DEPARTMENT OF HOMELAND SECURITY,77744
TD-DEPARTMENT OF TRANSPORTATION,146549
DJ-DEPARTMENT OF JUSTICE,100283
VA-DEPARTMENT OF VETERANS AFFAIRS,104879
HS-DEPARTMENT OF HOMELAND SECURITY,53573.29
BO-OFFICE OF MANAGEMENT AND BUDGET,160000
TR-DEPARTMENT OF THE TREASURY,101700
ST-DEPARTMENT OF STATE,73510
VA-DEPARTMENT OF VETERANS AFFAIRS,34247.67
VA-DEPARTMENT OF VETERANS AFFAIRS,48641
SZ-SOCIAL SECURITY ADMINISTRATION,84044
TD-DEPARTMENT OF TRANSPORTATION,112517
HS-DEPARTMENT OF HOMELAND SECURITY,57416
HS-DEPARTMENT OF HOMELAND SECURITY,80481
HS-DEPARTMENT OF HOMELAND SECURITY,80481
EP-ENVIRONMENTAL PROTECTION AGENCY,140892
VA-DEPARTMENT OF VETERANS AFFAIRS,44036
CM-DEPARTMENT OF COMMERCE,31624
HS-DEPARTMENT OF HOMELAND SECURITY,99208
VA-DEPARTMENT OF VETERANS AFFAIRS,98405
VA-DEPARTMENT OF VETERANS AFFAIRS,101521
FD-FEDERAL DEPOSIT INSURANCE CORPORATION,265000
CM-DEPARTMENT OF COMMERCE,95222
VA-DEPARTMENT OF VETERANS AFFAIRS,45995
HS-DEPARTMENT OF HOMELAND SECURITY,88110
NF-NATIONAL SCIENCE FOUNDATION,160603
VA-DEPARTMENT OF VETERANS AFFAIRS,40033
VA-DEPARTMENT OF VETERANS AFFAIRS,47327
SZ-SOCIAL SECURITY ADMINISTRATION,73240
VA-DEPARTMENT OF VETERANS AFFAIRS,36560
HS-DEPARTMENT OF HOMELAND SECURITY,140879
DJ-DEPARTMENT OF JUSTICE,81232
HE-DEPARTMENT OF HEALTH AND HUMAN SERVICES,85238
HS-DEPARTMENT OF HOMELAND SECURITY,110941
HS-DEPARTMENT OF HOMELAND SECURITY,88110
CM-DEPARTMENT OF COMMERCE,121116
DJ-DEPARTMENT OF JUSTICE,133796
VA-DEPARTMENT OF VETERANS AFFAIRS,39627
VA-DEPARTMENT OF VETERANS AFFAIRS,85519
VA-DEPARTMENT OF VETERANS AFFAIRS,55397
HE-DEPARTMENT OF HEALTH AND HUMAN SERVICES,190133
HE-DEPARTMENT OF HEALTH AND HUMAN SERVICES,60557
VA-DEPARTMENT OF VETERANS AFFAIRS,52558
IN-DEPARTMENT OF THE INTERIOR,61221
VA-DEPARTMENT OF VETERANS AFFAIRS,43229
TD-DEPARTMENT OF TRANSPORTATION,83507
AM-U.S. AGENCY FOR INTERNATIONAL DEVELOPMENT,104433
HS-DEPARTMENT OF HOMELAND SECURITY,97335
VA-DEPARTMENT OF VETERANS AFFAIRS,95704
HE-DEPARTMENT OF HEALTH AND HUMAN SERVICES,114785
HS-DEPARTMENT OF HOMELAND SECURITY,88110
HS-DEPARTMENT OF HOMELAND SECURITY,104433
OM-OFFICE OF PERSONNEL MANAGEMENT,130666
TD-DEPARTMENT OF TRANSPORTATION,91821
DJ-DEPARTMENT OF JUSTICE,149432
TR-DEPARTMENT OF THE TREASURY,49672
VA-DEPARTMENT OF VETERANS AFFAIRS,62511
HE-DEPARTMENT OF HEALTH AND HUMAN SERVICES,110578
HS-DEPARTMENT OF HOMELAND SECURITY,95704
HS-DEPARTMENT OF HOMELAND SECURITY,85215
HS-DEPARTMENT OF HOMELAND SECURITY,78885
HE-DEPARTMENT OF HEALTH AND HUMAN SERVICES,90404
DJ-DEPARTMENT OF JUSTICE,60805
DJ-DEPARTMENT OF JUSTICE,114023
VA-DEPARTMENT OF VETERANS AFFAIRS,115921
ED-DEPARTMENT OF EDUCATION,175338
AG-DEPARTMENT OF AGRICULTURE,112423
IN-DEPARTMENT OF THE INTERIOR,69120
VA-DEPARTMENT OF VETERANS AFFAIRS,98519
VA-DEPARTMENT OF VETERANS AFFAIRS,196284
AG-DEPARTMENT OF AGRICULTURE,50600
ST-DEPARTMENT OF STATE,123406
TD-DEPARTMENT OF TRANSPORTATION,68911
ST-DEPARTMENT OF STATE,88110
DJ-DEPARTMENT OF JUSTICE,104777
DJ-DEPARTMENT OF JUSTICE,106965
DJ-DEPARTMENT OF JUSTICE,71901
TR-DEPARTMENT OF THE TREASURY,63095
ST-DEPARTMENT OF STATE,73510
HS-DEPARTMENT OF HOMELAND SECURITY,80481
DJ-DEPARTMENT OF JUSTICE,128082
ST-DEPARTMENT OF STATE,75672
DL-DEPARTMENT OF LABOR,53717
VA-DEPARTMENT OF VETERANS AFFAIRS,33395
DJ-DEPARTMENT OF JUSTICE,160300
AG-DEPARTMENT OF AGRICULTURE,32318
VA-DEPARTMENT OF VETERANS AFFAIRS,85519
TD-DEPARTMENT OF TRANSPORTATION,62424
VA-DEPARTMENT OF VETERANS AFFAIRS,53610
CM-DEPARTMENT OF COMMERCE,77490
DJ-DEPARTMENT OF JUSTICE,94264
DJ-DEPARTMENT OF JUSTICE,95530
SZ-SOCIAL SECURITY ADMINISTRATION,95530
HS-DEPARTMENT OF HOMELAND SECURITY,71012
HE-DEPARTMENT OF HEALTH AND HUMAN SERVICES,172500
AG-DEPARTMENT OF AGRICULTURE,28886
VA-DEPARTMENT OF VETERANS AFFAIRS,48767
VA-DEPARTMENT OF VETERANS AFFAIRS,113238
CT-COMMODITY FUTURES TRADING COMMISSION,113984
HS-DEPARTMENT OF HOMELAND SECURITY,65170
VA-DEPARTMENT OF VETERANS AFFAIRS,101067
VA-DEPARTMENT OF VETERANS AFFAIRS,27740
VA-DEPARTMENT OF VETERANS AFFAIRS,33395
DJ-DEPARTMENT OF JUSTICE,111314
HE-DEPARTMENT OF HEALTH AND HUMAN SERVICES,85519
HS-DEPARTMENT OF HOMELAND SECURITY,101361
TD-DEPARTMENT OF TRANSPORTATION,73131
IN-DEPARTMENT OF THE INTERIOR,36025
AG-DEPARTMENT OF AGRICULTURE,36025
VA-DEPARTMENT OF VETERANS AFFAIRS,71348
DJ-DEPARTMENT OF JUSTICE,78717
CM-DEPARTMENT OF COMMERCE,141555
DJ-DEPARTMENT OF JUSTICE,101361
DJ-DEPARTMENT OF JUSTICE,119379
FD-FEDERAL DEPOSIT INSURANCE CORPORATION,182991
DJ-DEPARTMENT OF JUSTICE,128082
AG-DEPARTMENT OF AGRICULTURE,59246
HS-DEPARTMENT OF HOMELAND SECURITY,88110
VA-DEPARTMENT OF VETERANS AFFAIRS,56244.65
HE-DEPARTMENT OF HEALTH AND HUMAN SERVICES,71012
DJ-DEPARTMENT OF JUSTICE,85238
HS-DEPARTMENT OF HOMELAND SECURITY,75202
VA-DEPARTMENT OF VETERANS AFFAIRS,52594
HS-DEPARTMENT OF HOMELAND SECURITY,86424
DJ-DEPARTMENT OF JUSTICE,117675
VA-DEPARTMENT OF VETERANS AFFAIRS,80336
VA-DEPARTMENT OF VETERANS AFFAIRS,37225
BO-OFFICE OF MANAGEMENT AND BUDGET,153702
SZ-SOCIAL SECURITY ADMINISTRATION,77744
ST-DEPARTMENT OF STATE,77834
TR-DEPARTMENT OF THE TREASURY,35381
HU-DEPARTMENT OF HOUSING AND URBAN DEVELOPMENT,117105
VA-DEPARTMENT OF VETERANS AFFAIRS,69700
VA-DEPARTMENT OF VETERANS AFFAIRS,64329
IB-BROADCASTING BOARD OF GOVERNORS,108887
HS-DEPARTMENT OF HOMELAND SECURITY,76699
EP-ENVIRONMENTAL PROTECTION AGENCY,104433
HS-DEPARTMENT OF HOMELAND SECURITY,36626
VA-DEPARTMENT OF VETERANS AFFAIRS,69186
DJ-DEPARTMENT OF JUSTICE,98590
HS-DEPARTMENT OF HOMELAND SECURITY,83856
EP-ENVIRONMENTAL PROTECTION AGENCY,120187
AG-DEPARTMENT OF AGRICULTURE,30973
VA-DEPARTMENT OF VETERANS AFFAIRS,54199.39
EP-ENVIRONMENTAL PROTECTION AGENCY,123406
VA-DEPARTMENT OF VETERANS AFFAIRS,70102
NN-NATIONAL AERONAUTICS AND SPACE ADMINISTRATION,110272
AG-DEPARTMENT OF AGRICULTURE,87258
HS-DEPARTMENT OF HOMELAND SECURITY,98289
DJ-DEPARTMENT OF JUSTICE,107505
VA-DEPARTMENT OF VETERANS AFFAIRS,91018
VA-DEPARTMENT OF VETERANS AFFAIRS,38609.5
ST-DEPARTMENT OF STATE,73510
IN-DEPARTMENT OF THE INTERIOR,73070
VA-DEPARTMENT OF VETERANS AFFAIRS,234365
HS-DEPARTMENT OF HOMELAND SECURITY,90073
TD-DEPARTMENT OF TRANSPORTATION,135693
ST-DEPARTMENT OF STATE,73510
VA-DEPARTMENT OF VETERANS AFFAIRS,201000
AG-DEPARTMENT OF AGRICULTURE,45371
SZ-SOCIAL SECURITY ADMINISTRATION,85519
AG-DEPARTMENT OF AGRICULTURE,109245
TD-DEPARTMENT OF TRANSPORTATION,139909
AG-DEPARTMENT OF AGRICULTURE,55495
VA-DEPARTMENT OF VETERANS AFFAIRS,57127
AM-U.S. AGENCY FOR INTERNATIONAL DEVELOPMENT,95217
SZ-SOCIAL SECURITY ADMINISTRATION,98039
TD-DEPARTMENT OF TRANSPORTATION,63794
VA-DEPARTMENT OF VETERANS AFFAIRS,42866.98
VA-DEPARTMENT OF VETERANS AFFAIRS,56976
HS-DEPARTMENT OF HOMELAND SECURITY,101361
TR-DEPARTMENT OF THE TREASURY,107505
IN-DEPARTMENT OF THE INTERIOR,65170
VA-DEPARTMENT OF VETERANS AFFAIRS,91941
DJ-DEPARTMENT OF JUSTICE,60858
HS-DEPARTMENT OF HOMELAND SECURITY,78114
TR-DEPARTMENT OF THE TREASURY,58242
VA-DEPARTMENT OF VETERANS AFFAIRS,82897
IN-DEPARTMENT OF THE INTERIOR,40033
DJ-DEPARTMENT OF JUSTICE,95217
VA-DEPARTMENT OF VETERANS AFFAIRS,36560
DJ-DEPARTMENT OF JUSTICE,58437
VA-DEPARTMENT OF VETERANS AFFAIRS,172000
HU-DEPARTMENT OF HOUSING AND URBAN DEVELOPMENT,132352
CM-DEPARTMENT OF COMMERCE,170400
HS-DEPARTMENT OF HOMELAND SECURITY,87258
VA-DEPARTMENT OF VETERANS AFFAIRS,39627
DJ-DEPARTMENT OF JUSTICE,47354.03
HS-DEPARTMENT OF HOMELAND SECURITY,40431
IN-DEPARTMENT OF THE INTERIOR,35381
KS-CORPORATION FOR NATIONAL AND COMMUNITY SERVICE,106528
VA-DEPARTMENT OF VETERANS AFFAIRS,59246
HE-DEPARTMENT OF HEALTH AND HUMAN SERVICES,73327
CM-DEPARTMENT OF COMMERCE,83911
HE-DEPARTMENT OF HEALTH AND HUMAN SERVICES,123406
GS-GENERAL SERVICES ADMINISTRATION,93805
TD-DEPARTMENT OF TRANSPORTATION,127453
TR-DEPARTMENT OF THE TREASURY,65339
VA-DEPARTMENT OF VETERANS AFFAIRS,77814
SZ-SOCIAL SECURITY ADMINISTRATION,43828
HS-DEPARTMENT OF HOMELAND SECURITY,39685
DJ-DEPARTMENT OF JUSTICE,57162.93
VA-DEPARTMENT OF VETERANS AFFAIRS,34787
VA-DEPARTMENT OF VETERANS AFFAIRS,42310
HE-DEPARTMENT OF HEALTH AND HUMAN SERVICES,64650
TD-DEPARTMENT OF TRANSPORTATION,79707
HS-DEPARTMENT OF HOMELAND SECURITY,87421
HS-DEPARTMENT OF HOMELAND SECURITY,40632
AG-DEPARTMENT OF AGRICULTURE,32318
VA-DEPARTMENT OF VETERANS AFFAIRS,85460
HE-DEPARTMENT OF HEALTH AND HUMAN SERVICES,39440
DJ-DEPARTMENT OF JUSTICE,117105
ST-DEPARTMENT OF STATE,92108
VA-DEPARTMENT OF VETERANS AFFAIRS,84731
SZ-SOCIAL SECURITY ADMINISTRATION,56625
NL-NATIONAL LABOR RELATIONS BOARD,110941
ED-DEPARTMENT OF EDUCATION,73270
VA-DEPARTMENT OF VETERANS AFFAIRS,50154
OM-OFFICE OF PERSONNEL MANAGEMENT,80481
HS-DEPARTMENT OF HOMELAND SECURITY,47365
DL-DEPARTMENT OF LABOR,101067
DJ-DEPARTMENT OF JUSTICE,63196
DJ-DEPARTMENT OF JUSTICE,104433
VA-DEPARTMENT OF VETERANS AFFAIRS,75652
HS-DEPARTMENT OF HOMELAND SECURITY,89680
CM-DEPARTMENT OF COMMERCE,82000
TR-DEPARTMENT OF THE TREASURY,116146
DJ-DEPARTMENT OF JUSTICE,92145
DJ-DEPARTMENT OF JUSTICE,43229
IN-DEPARTMENT OF THE INTERIOR,45995
VA-DEPARTMENT OF VETERANS AFFAIRS,90073
DJ-DEPARTMENT OF JUSTICE,101010
HS-DEPARTMENT OF HOMELAND SECURITY,88110
ST-DEPARTMENT OF STATE,43828
NF-NATIONAL SCIENCE FOUNDATION,58776
VA-DEPARTMENT OF VETERANS AFFAIRS,95704
HS-DEPARTMENT OF HOMELAND SECURITY,36580
TR-DEPARTMENT OF THE TREASURY,50155
HS-DEPARTMENT OF HOMELAND SECURITY,135200
AG-DEPARTMENT OF AGRICULTURE,58969
HE-DEPARTMENT OF HEALTH AND HUMAN SERVICES,44181
TD-DEPARTMENT OF TRANSPORTATION,125260
DJ-DEPARTMENT OF JUSTICE,60805
HE-DEPARTMENT OF HEALTH AND HUMAN SERVICES,61956
HS-DEPARTMENT OF HOMELAND SECURITY,104115
VA-DEPARTMENT OF VETERANS AFFAIRS,45893.13
HS-DEPARTMENT OF HOMELAND SECURITY,76655
TD-DEPARTMENT OF TRANSPORTATION,158001
HE-DEPARTMENT OF HEALTH AND HUMAN SERVICES,43828
VA-DEPARTMENT OF VETERANS AFFAIRS,57127
DJ-DEPARTMENT OF JUSTICE,85519
VA-DEPARTMENT OF VETERANS AFFAIRS,84337
VA-DEPARTMENT OF VETERANS AFFAIRS,45287.9
HS-DEPARTMENT OF HOMELAND SECURITY,64613
VA-DEPARTMENT OF VETERANS AFFAIRS,64732
AG-DEPARTMENT OF AGRICULTURE,66115
TR-DEPARTMENT OF THE TREASURY,53390
TD-DEPARTMENT OF TRANSPORTATION,108887
HE-DEPARTMENT OF HEALTH AND HUMAN SERVICES,127036
VA-DEPARTMENT OF VETERANS AFFAIRS,55495
VA-DEPARTMENT OF VETERANS AFFAIRS,81364
VA-DEPARTMENT OF VETERANS AFFAIRS,77440
DJ-DEPARTMENT OF JUSTICE,123406
HE-DEPARTMENT OF HEALTH AND HUMAN SERVICES,92889
HS-DEPARTMENT OF HOMELAND SECURITY,92363
HS-DEPARTMENT OF HOMELAND SECURITY,39685
VA-DEPARTMENT OF VETERANS AFFAIRS,75319
HS-DEPARTMENT OF HOMELAND SECURITY,92889
DJ-DEPARTMENT OF JUSTICE,66805
VA-DEPARTMENT OF VETERANS AFFAIRS,66909
DJ-DEPARTMENT OF JUSTICE,82656
HE-DEPARTMENT OF HEALTH AND HUMAN SERVICES,77490
ST-DEPARTMENT OF STATE,77834
ST-DEPARTMENT OF STATE,66778
VA-DEPARTMENT OF VETERANS AFFAIRS,107859
VA-DEPARTMENT OF VETERANS AFFAIRS,46012
VA-DEPARTMENT OF VETERANS AFFAIRS,37740
DJ-DEPARTMENT OF JUSTICE,75747
HS-DEPARTMENT OF HOMELAND SECURITY,39685
TD-DEPARTMENT OF TRANSPORTATION,22888
VA-DEPARTMENT OF VETERANS AFFAIRS,79996
AG-DEPARTMENT OF AGRICULTURE,51822
HS-DEPARTMENT OF HOMELAND SECURITY,84443
CM-DEPARTMENT OF COMMERCE,45289
OM-OFFICE OF PERSONNEL MANAGEMENT,77744
HS-DEPARTMENT OF HOMELAND SECURITY,80481
VA-DEPARTMENT OF VETERANS AFFAIRS,43834
HE-DEPARTMENT OF HEALTH AND HUMAN SERVICES,96273
HE-DEPARTMENT OF HEALTH AND HUMAN SERVICES,80073
VA-DEPARTMENT OF VETERANS AFFAIRS,194948
HS-DEPARTMENT OF HOMELAND SECURITY,60756
HS-DEPARTMENT OF HOMELAND SECURITY,78114
HS-DEPARTMENT OF HOMELAND SECURITY,80481
AG-DEPARTMENT OF AGRICULTURE,32318
HS-DEPARTMENT OF HOMELAND SECURITY,78114
VA-DEPARTMENT OF VETERANS AFFAIRS,134798
VA-DEPARTMENT OF VETERANS AFFAIRS,67364
VA-DEPARTMENT OF VETERANS AFFAIRS,35381
VA-DEPARTMENT OF VETERANS AFFAIRS,48968
DJ-DEPARTMENT OF JUSTICE,113615
HE-DEPARTMENT OF HEALTH AND HUMAN SERVICES,126357
CU-NATIONAL CREDIT UNION ADMINISTRATION,117446
DJ-DEPARTMENT OF JUSTICE,56976
DJ-DEPARTMENT OF JUSTICE,93293
VA-DEPARTMENT OF VETERANS AFFAIRS,64862
TB-NATIONAL TRANSPORTATION SAFETY BOARD,134296
AG-DEPARTMENT OF AGRICULTURE,67145
HS-DEPARTMENT OF HOMELAND SECURITY,76527
VA-DEPARTMENT OF VETERANS AFFAIRS,95704
ST-DEPARTMENT OF STATE,88110
GS-GENERAL SERVICES ADMINISTRATION,92448
HS-DEPARTMENT OF HOMELAND SECURITY,75747
VA-DEPARTMENT OF VETERANS AFFAIRS,43383
DJ-DEPARTMENT OF JUSTICE,48040
HS-DEPARTMENT OF HOMELAND SECURITY,80640
SE-SECURITIES AND EXCHANGE COMMISSION,146146
EP-ENVIRONMENTAL PROTECTION AGENCY,77744
IN-DEPARTMENT OF THE INTERIOR,113091
ED-DEPARTMENT OF EDUCATION,112517
VA-DEPARTMENT OF VETERANS AFFAIRS,33395
HS-DEPARTMENT OF HOMELAND SECURITY,67145
DJ-DEPARTMENT OF JUSTICE,73764
ST-DEPARTMENT OF STATE,53610
FL-FARM CREDIT ADMINISTRATION,66495
VA-DEPARTMENT OF VETERANS AFFAIRS,75672
AG-DEPARTMENT OF AGRICULTURE,67145
VA-DEPARTMENT OF VETERANS AFFAIRS,69081
IN-DEPARTMENT OF THE INTERIOR,71475
VA-DEPARTMENT OF VETERANS AFFAIRS,26671.86
IN-DEPARTMENT OF THE INTERIOR,55383
VA-DEPARTMENT OF VETERANS AFFAIRS,84443
AG-DEPARTMENT OF AGRICULTURE,43915
DJ-DEPARTMENT OF JUSTICE,67024
HS-DEPARTMENT OF HOMELAND SECURITY,85086.99
SZ-SOCIAL SECURITY ADMINISTRATION,170400
TD-DEPARTMENT OF TRANSPORTATION,112517
TR-DEPARTMENT OF THE TREASURY,104433
TR-DEPARTMENT OF THE TREASURY,136622
VA-DEPARTMENT OF VETERANS AFFAIRS,60147.34
DJ-DEPARTMENT OF JUSTICE,58242
HS-DEPARTMENT OF HOMELAND SECURITY,80481
DJ-DEPARTMENT OF JUSTICE,80481
TR-DEPARTMENT OF THE TREASURY,67145
VA-DEPARTMENT OF VETERANS AFFAIRS,92889
DJ-DEPARTMENT OF JUSTICE,42028
TD-DEPARTMENT OF TRANSPORTATION,100540
CM-DEPARTMENT OF COMMERCE,95217
VA-DEPARTMENT OF VETERANS AFFAIRS,92889
IN-DEPARTMENT OF THE INTERIOR,76341
HU-DEPARTMENT OF HOUSING AND URBAN DEVELOPMENT,101694
AG-DEPARTMENT OF AGRICULTURE,40033
HS-DEPARTMENT OF HOMELAND SECURITY,50943.67
HE-DEPARTMENT OF HEALTH AND HUMAN SERVICES,92145
HE-DEPARTMENT OF HEALTH AND HUMAN SERVICES,40033
EP-ENVIRONMENTAL PROTECTION AGENCY,53435
TR-DEPARTMENT OF THE TREASURY,54055
ST-DEPARTMENT OF STATE,71348
VA-DEPARTMENT OF VETERANS AFFAIRS,42028
OM-OFFICE OF PERSONNEL MANAGEMENT,53610
HS-DEPARTMENT OF HOMELAND SECURITY,87199
VA-DEPARTMENT OF VETERANS AFFAIRS,39627
DJ-DEPARTMENT OF JUSTICE,108133
DJ-DEPARTMENT OF JUSTICE,107859
IN-DEPARTMENT OF THE INTERIOR,36025
IN-DEPARTMENT OF THE INTERIOR,108655
NU-NUCLEAR REGULATORY COMMISSION,119776
DJ-DEPARTMENT OF JUSTICE,80328
HE-DEPARTMENT OF HEALTH AND HUMAN SERVICES,112517
VA-DEPARTMENT OF VETERANS AFFAIRS,82927
IN-DEPARTMENT OF THE INTERIOR,61221
FD-FEDERAL DEPOSIT INSURANCE CORPORATION,99188
TR-DEPARTMENT OF THE TREASURY,39440
NQ-NATIONAL ARCHIVES AND RECORDS ADMINISTRATION,36025
ST-DEPARTMENT OF STATE,75672
DJ-DEPARTMENT OF JUSTICE,43636
AG-DEPARTMENT OF AGRICULTURE,43037
AG-DEPARTMENT OF AGRICULTURE,55507
TD-DEPARTMENT OF TRANSPORTATION,82927
VA-DEPARTMENT OF VETERANS AFFAIRS,75044
TD-DEPARTMENT OF TRANSPORTATION,95665
VA-DEPARTMENT OF VETERANS AFFAIRS,116417
HS-DEPARTMENT OF HOMELAND SECURITY,102324
DJ-DEPARTMENT OF JUSTICE,50709
VA-DEPARTMENT OF VETERANS AFFAIRS,43263.51
IN-DEPARTMENT OF THE INTERIOR,57171
HS-DEPARTMENT OF HOMELAND SECURITY,87258
VA-DEPARTMENT OF VETERANS AFFAIRS,67024
HS-DEPARTMENT OF HOMELAND SECURITY,67565
TD-DEPARTMENT OF TRANSPORTATION,135693
TR-DEPARTMENT OF THE TREASURY,61258
TD-DEPARTMENT OF TRANSPORTATION,162000
ST-DEPARTMENT OF STATE,73510
CM-DEPARTMENT OF COMMERCE,101490
SZ-SOCIAL SECURITY ADMINISTRATION,82927
TR-DEPARTMENT OF THE TREASURY,69186
HS-DEPARTMENT OF HOMELAND SECURITY,92732
VA-DEPARTMENT OF VETERANS AFFAIRS,42028
ST-DEPARTMENT OF STATE,73510
AG-DEPARTMENT OF AGRICULTURE,32363
VA-DEPARTMENT OF VETERANS AFFAIRS,112886
GS-GENERAL SERVICES ADMINISTRATION,101361
HS-DEPARTMENT OF HOMELAND SECURITY,111162
ST-DEPARTMENT OF STATE,35381
VA-DEPARTMENT OF VETERANS AFFAIRS,77834
TR-DEPARTMENT OF THE TREASURY,48211
DJ-DEPARTMENT OF JUSTICE,98519
TD-DEPARTMENT OF TRANSPORTATION,135288
VA-DEPARTMENT OF VETERANS AFFAIRS,261000
FD-FEDERAL DEPOSIT INSURANCE CORPORATION,101695
IN-DEPARTMENT OF THE INTERIOR,40033
DJ-DEPARTMENT OF JUSTICE,65984
ST-DEPARTMENT OF STATE,93293
HS-DEPARTMENT OF HOMELAND SECURITY,39685
VA-DEPARTMENT OF VETERANS AFFAIRS,75747
DJ-DEPARTMENT OF JUSTICE,52594
HS-DEPARTMENT OF HOMELAND SECURITY,31612
HS-DEPARTMENT OF HOMELAND SECURITY,80825
TD-DEPARTMENT OF TRANSPORTATION,75898
VA-DEPARTMENT OF VETERANS AFFAIRS,40033
DJ-DEPARTMENT OF JUSTICE,46562
CM-DEPARTMENT OF COMMERCE,82656
SZ-SOCIAL SECURITY ADMINISTRATION,92145
AG-DEPARTMENT OF AGRICULTURE,112517
SM-SMITHSONIAN INSTITUTION,37616
HS-DEPARTMENT OF HOMELAND SECURITY,61077
CU-NATIONAL CREDIT UNION ADMINISTRATION,101794
CM-DEPARTMENT OF COMMERCE,72938
DJ-DEPARTMENT OF JUSTICE,66940
TR-DEPARTMENT OF THE TREASURY,52594
VA-DEPARTMENT OF VETERANS AFFAIRS,80481
VA-DEPARTMENT OF VETERANS AFFAIRS,68960
DJ-DEPARTMENT OF JUSTICE,77834
TD-DEPARTMENT OF TRANSPORTATION,77546
AG-DEPARTMENT OF AGRICULTURE,32318
DJ-DEPARTMENT OF JUSTICE,46705
VA-DEPARTMENT OF VETERANS AFFAIRS,65773
GS-GENERAL SERVICES ADMINISTRATION,64650
HE-DEPARTMENT OF HEALTH AND HUMAN SERVICES,112517
HS-DEPARTMENT OF HOMELAND SECURITY,40362
HS-DEPARTMENT OF HOMELAND SECURITY,53435
TR-DEPARTMENT OF THE TREASURY,51772
TD-DEPARTMENT OF TRANSPORTATION,135693
BG-PENSION BENEFIT GUARANTY CORPORATION,98289
TD-DEPARTMENT OF TRANSPORTATION,75194
VA-DEPARTMENT OF VETERANS AFFAIRS,88110
AM-U.S. AGENCY FOR INTERNATIONAL DEVELOPMENT,100070
VA-DEPARTMENT OF VETERANS AFFAIRS,93264
TD-DEPARTMENT OF TRANSPORTATION,72370
TD-DEPARTMENT OF TRANSPORTATION,78371
HS-DEPARTMENT OF HOMELAND SECURITY,51721
VA-DEPARTMENT OF VETERANS AFFAIRS,48968
AG-DEPARTMENT OF AGRICULTURE,70060
ST-DEPARTMENT OF STATE,35381
DJ-DEPARTMENT OF JUSTICE,128082
HE-DEPARTMENT OF HEALTH AND HUMAN SERVICES,149432
IN-DEPARTMENT OF THE INTERIOR,49482.77
TD-DEPARTMENT OF TRANSPORTATION,98411
SZ-SOCIAL SECURITY ADMINISTRATION,73510
AG-DEPARTMENT OF AGRICULTURE,28886
AG-DEPARTMENT OF AGRICULTURE,35381
VA-DEPARTMENT OF VETERANS AFFAIRS,63196
DL-DEPARTMENT OF LABOR,64862
VA-DEPARTMENT OF VETERANS AFFAIRS,43828
VA-DEPARTMENT OF VETERANS AFFAIRS,110776
TD-DEPARTMENT OF TRANSPORTATION,84715
IN-DEPARTMENT OF THE INTERIOR,87258
FD-FEDERAL DEPOSIT INSURANCE CORPORATION,116259
AG-DEPARTMENT OF AGRICULTURE,32318
DJ-DEPARTMENT OF JUSTICE,48040
IN-DEPARTMENT OF THE INTERIOR,39757.35
EO-MORRIS K. UDALL AND STEWART L. UDALL FOUNDATION,64862
TD-DEPARTMENT OF TRANSPORTATION,47814
DJ-DEPARTMENT OF JUSTICE,40935
IN-DEPARTMENT OF THE INTERIOR,39858
TD-DEPARTMENT OF TRANSPORTATION,112307
DL-DEPARTMENT OF LABOR,92145
AG-DEPARTMENT OF AGRICULTURE,84044
ST-DEPARTMENT OF STATE,73510
TD-DEPARTMENT OF TRANSPORTATION,90883
AG-DEPARTMENT OF AGRICULTURE,90073
TR-DEPARTMENT OF THE TREASURY,53610
VA-DEPARTMENT OF VETERANS AFFAIRS,95805
DJ-DEPARTMENT OF JUSTICE,85519
HS-DEPARTMENT OF HOMELAND SECURITY,39943
VA-DEPARTMENT OF VETERANS AFFAIRS,43982
ST-DEPARTMENT OF STATE,84320
IN-DEPARTMENT OF THE INTERIOR,51548.9
HS-DEPARTMENT OF HOMELAND SECURITY,53435
VA-DEPARTMENT OF VETERANS AFFAIRS,67364
ST-DEPARTMENT OF STATE,92987
HS-DEPARTMENT OF HOMELAND SECURITY,34560
VA-DEPARTMENT OF VETERANS AFFAIRS,244365
VA-DEPARTMENT OF VETERANS AFFAIRS,30046
DJ-DEPARTMENT OF JUSTICE,100454
DJ-DEPARTMENT OF JUSTICE,39858
AG-DEPARTMENT OF AGRICULTURE,28886
TD-DEPARTMENT OF TRANSPORTATION,58371
VA-DEPARTMENT OF VETERANS AFFAIRS,51133
VA-DEPARTMENT OF VETERANS AFFAIRS,45934.87
TR-DEPARTMENT OF THE TREASURY,66544
DJ-DEPARTMENT OF JUSTICE,48040
AG-DEPARTMENT OF AGRICULTURE,28886
VA-DEPARTMENT OF VETERANS AFFAIRS,65650
DJ-DEPARTMENT OF JUSTICE,49672
TD-DEPARTMENT OF TRANSPORTATION,95217
VA-DEPARTMENT OF VETERANS AFFAIRS,77744
VA-DEPARTMENT OF VETERANS AFFAIRS,77497
HS-DEPARTMENT OF HOMELAND SECURITY,84620
SE-SECURITIES AND EXCHANGE COMMISSION,88851
VA-DEPARTMENT OF VETERANS AFFAIRS,40754
SZ-SOCIAL SECURITY ADMINISTRATION,40033
NN-NATIONAL AERONAUTICS AND SPACE ADMINISTRATION,80179
FC-FEDERAL COMMUNICATIONS COMMISSION,64650
DJ-DEPARTMENT OF JUSTICE,55215
HE-DEPARTMENT OF HEALTH AND HUMAN SERVICES,92145
HS-DEPARTMENT OF HOMELAND SECURITY,53435
ST-DEPARTMENT OF STATE,75672
IN-DEPARTMENT OF THE INTERIOR,40033
VA-DEPARTMENT OF VETERANS AFFAIRS,44698
TD-DEPARTMENT OF TRANSPORTATION,22888
VA-DEPARTMENT OF VETERANS AFFAIRS,99837
HS-DEPARTMENT OF HOMELAND SECURITY,39685
DJ-DEPARTMENT OF JUSTICE,67145
DJ-DEPARTMENT OF JUSTICE,112744
VA-DEPARTMENT OF VETERANS AFFAIRS,39440
VA-DEPARTMENT OF VETERANS AFFAIRS,43383
TR-DEPARTMENT OF THE TREASURY,53610
HS-DEPARTMENT OF HOMELAND SECURITY,73380
TD-DEPARTMENT OF TRANSPORTATION,91013
VA-DEPARTMENT OF VETERANS AFFAIRS,71348
HE-DEPARTMENT OF HEALTH AND HUMAN SERVICES,80642
VA-DEPARTMENT OF VETERANS AFFAIRS,62160
TD-DEPARTMENT OF TRANSPORTATION,72370
VA-DEPARTMENT OF VETERANS AFFAIRS,36025
VA-DEPARTMENT OF VETERANS AFFAIRS,68100
AG-DEPARTMENT OF AGRICULTURE,39430
ST-DEPARTMENT OF STATE,35381
VA-DEPARTMENT OF VETERANS AFFAIRS,82158
VA-DEPARTMENT OF VETERANS AFFAIRS,39440
SB-SMALL BUSINESS ADMINISTRATION,71348
TD-DEPARTMENT OF TRANSPORTATION,135693
DJ-DEPARTMENT OF JUSTICE,81238
TD-DEPARTMENT OF TRANSPORTATION,129384
TD-DEPARTMENT OF TRANSPORTATION,119776
HS-DEPARTMENT OF HOMELAND SECURITY,108887
ST-DEPARTMENT OF STATE,67024
DJ-DEPARTMENT OF JUSTICE,52355
HS-DEPARTMENT OF HOMELAND SECURITY,34560
EP-ENVIRONMENTAL PROTECTION AGENCY,63323
VA-DEPARTMENT OF VETERANS AFFAIRS,42069
VA-DEPARTMENT OF VETERANS AFFAIRS,53610
DJ-DEPARTMENT OF JUSTICE,108887
DJ-DEPARTMENT OF JUSTICE,85204
HS-DEPARTMENT OF HOMELAND SECURITY,86488
EQ-COUNCIL ON ENVIRONMENTAL QUALITY/OFFICE OF ENVIRONMENTAL QUALITY,55000
TR-DEPARTMENT OF THE TREASURY,35381
VA-DEPARTMENT OF VETERANS AFFAIRS,26290
IN-DEPARTMENT OF THE INTERIOR,67145
DJ-DEPARTMENT OF JUSTICE,65213
HS-DEPARTMENT OF HOMELAND SECURITY,50943.67
HS-DEPARTMENT OF HOMELAND SECURITY,84443
VA-DEPARTMENT OF VETERANS AFFAIRS,41945
IN-DEPARTMENT OF THE INTERIOR,28886
IN-DEPARTMENT OF THE INTERIOR,28886
KS-CORPORATION FOR NATIONAL AND COMMUNITY SERVICE,52000
HS-DEPARTMENT OF HOMELAND SECURITY,64650
DJ-DEPARTMENT OF JUSTICE,80234
AG-DEPARTMENT OF AGRICULTURE,32318
DJ-DEPARTMENT OF JUSTICE,50092
TR-DEPARTMENT OF THE TREASURY,48537
HS-DEPARTMENT OF HOMELAND SECURITY,81410
HE-DEPARTMENT OF HEALTH AND HUMAN SERVICES,160300
AG-DEPARTMENT OF AGRICULTURE,27158
HE-DEPARTMENT OF HEALTH AND HUMAN SERVICES,91663
TR-DEPARTMENT OF THE TREASURY,48537
VA-DEPARTMENT OF VETERANS AFFAIRS,65170
HS-DEPARTMENT OF HOMELAND SECURITY,39618
DL-DEPARTMENT OF LABOR,82909
IN-DEPARTMENT OF THE INTERIOR,38949
AG-DEPARTMENT OF AGRICULTURE,28886
TD-DEPARTMENT OF TRANSPORTATION,60756
SM-SMITHSONIAN INSTITUTION,101361
VA-DEPARTMENT OF VETERANS AFFAIRS,59037
DJ-DEPARTMENT OF JUSTICE,43229
TD-DEPARTMENT OF TRANSPORTATION,130908
VA-DEPARTMENT OF VETERANS AFFAIRS,210000
AG-DEPARTMENT OF AGRICULTURE,32318
HS-DEPARTMENT OF HOMELAND SECURITY,41872
AG-DEPARTMENT OF AGRICULTURE,64862
DJ-DEPARTMENT OF JUSTICE,49374
NQ-NATIONAL ARCHIVES AND RECORDS ADMINISTRATION,92145
AG-DEPARTMENT OF AGRICULTURE,30488
AG-DEPARTMENT OF AGRICULTURE,28886
VA-DEPARTMENT OF VETERANS AFFAIRS,37740
TR-DEPARTMENT OF THE TREASURY,35381
HS-DEPARTMENT OF HOMELAND SECURITY,62615
VA-DEPARTMENT OF VETERANS AFFAIRS,29849
IN-DEPARTMENT OF THE INTERIOR,35458.13
AG-DEPARTMENT OF AGRICULTURE,67024
IN-DEPARTMENT OF THE INTERIOR,55592
HS-DEPARTMENT OF HOMELAND SECURITY,59370
VA-DEPARTMENT OF VETERANS AFFAIRS,34472
DL-DEPARTMENT OF LABOR,137926
IN-DEPARTMENT OF THE INTERIOR,25731
AG-DEPARTMENT OF AGRICULTURE,25731
SZ-SOCIAL SECURITY ADMINISTRATION,60756
AG-DEPARTMENT OF AGRICULTURE,36025
NF-NATIONAL SCIENCE FOUNDATION,35265
DJ-DEPARTMENT OF JUSTICE,40935
IN-DEPARTMENT OF THE INTERIOR,32318
HS-DEPARTMENT OF HOMELAND SECURITY,34560
HS-DEPARTMENT OF HOMELAND SECURITY,43684
VA-DEPARTMENT OF VETERANS AFFAIRS,48968
NF-NATIONAL SCIENCE FOUNDATION,169686
ST-DEPARTMENT OF STATE,75672
TR-DEPARTMENT OF THE TREASURY,249304
HE-DEPARTMENT OF HEALTH AND HUMAN SERVICES,160300
AG-DEPARTMENT OF AGRICULTURE,35381
DJ-DEPARTMENT OF JUSTICE,40033
AG-DEPARTMENT OF AGRICULTURE,28886
HS-DEPARTMENT OF HOMELAND SECURITY,95217
AG-DEPARTMENT OF AGRICULTURE,32318
VA-DEPARTMENT OF VETERANS AFFAIRS,32318
BO-OFFICE OF MANAGEMENT AND BUDGET,132127.97
DJ-DEPARTMENT OF JUSTICE,35381
HS-DEPARTMENT OF HOMELAND SECURITY,45371
TD-DEPARTMENT OF TRANSPORTATION,65585
HS-DEPARTMENT OF HOMELAND SECURITY,39685
TD-DEPARTMENT OF TRANSPORTATION,117105
IN-DEPARTMENT OF THE INTERIOR,119794
HS-DEPARTMENT OF HOMELAND SECURITY,40141
AG-DEPARTMENT OF AGRICULTURE,28170
VA-DEPARTMENT OF VETERANS AFFAIRS,59409
DJ-DEPARTMENT OF JUSTICE,101694
TR-DEPARTMENT OF THE TREASURY,104952
SZ-SOCIAL SECURITY ADMINISTRATION,47262
VA-DEPARTMENT OF VETERANS AFFAIRS,77459
VA-DEPARTMENT OF VETERANS AFFAIRS,201000
HS-DEPARTMENT OF HOMELAND SECURITY,34560
VA-DEPARTMENT OF VETERANS AFFAIRS,71348
IN-DEPARTMENT OF THE INTERIOR,31053
VA-DEPARTMENT OF VETERANS AFFAIRS,28886
DJ-DEPARTMENT OF JUSTICE,25818
AG-DEPARTMENT OF AGRICULTURE,29162
HS-DEPARTMENT OF HOMELAND SECURITY,93293
FD-FEDERAL DEPOSIT INSURANCE CORPORATION,47668
VA-DEPARTMENT OF VETERANS AFFAIRS,99858
SZ-SOCIAL SECURITY ADMINISTRATION,68989
NN-NATIONAL AERONAUTICS AND SPACE ADMINISTRATION,130666
VA-DEPARTMENT OF VETERANS AFFAIRS,42457
AG-DEPARTMENT OF AGRICULTURE,28886
IN-DEPARTMENT OF THE INTERIOR,28170
ST-DEPARTMENT OF STATE,76308
ST-DEPARTMENT OF STATE,43828
IN-DEPARTMENT OF THE INTERIOR,83756
CM-DEPARTMENT OF COMMERCE,119929
TR-DEPARTMENT OF THE TREASURY,85238
TR-DEPARTMENT OF THE TREASURY,65170
ST-DEPARTMENT OF STATE,73510
ST-DEPARTMENT OF STATE,73510
HS-DEPARTMENT OF HOMELAND SECURITY,127036
VA-DEPARTMENT OF VETERANS AFFAIRS,103228
VA-DEPARTMENT OF VETERANS AFFAIRS,37703
VA-DEPARTMENT OF VETERANS AFFAIRS,37732
HE-DEPARTMENT OF HEALTH AND HUMAN SERVICES,116146
ST-DEPARTMENT OF STATE,73510
SZ-SOCIAL SECURITY ADMINISTRATION,44335
DJ-DEPARTMENT OF JUSTICE,49054
HE-DEPARTMENT OF HEALTH AND HUMAN SERVICES,82656
TR-DEPARTMENT OF THE TREASURY,123406
DJ-DEPARTMENT OF JUSTICE,80264
VA-DEPARTMENT OF VETERANS AFFAIRS,85457
VA-DEPARTMENT OF VETERANS AFFAIRS,261000
VA-DEPARTMENT OF VETERANS AFFAIRS,110978
VA-DEPARTMENT OF VETERANS AFFAIRS,48968
VA-DEPARTMENT OF VETERANS AFFAIRS,48044
VA-DEPARTMENT OF VETERANS AFFAIRS,40754
TD-DEPARTMENT OF TRANSPORTATION,69888
ST-DEPARTMENT OF STATE,31624
DJ-DEPARTMENT OF JUSTICE,43229
HS-DEPARTMENT OF HOMELAND SECURITY,45371
CX-NATIONAL COMMISSION ON LIBRARIES AND INFORMATION SCIENCE,118437.25
TR-DEPARTMENT OF THE TREASURY,42428
NU-NUCLEAR REGULATORY COMMISSION,160300
VA-DEPARTMENT OF VETERANS AFFAIRS,211466
CM-DEPARTMENT OF COMMERCE,160300
TR-DEPARTMENT OF THE TREASURY,39675
HS-DEPARTMENT OF HOMELAND SECURITY,76008.54
CM-DEPARTMENT OF COMMERCE,31799
AG-DEPARTMENT OF AGRICULTURE,25731
TD-DEPARTMENT OF TRANSPORTATION,170409
HS-DEPARTMENT OF HOMELAND SECURITY,85215
TR-DEPARTMENT OF THE TREASURY,119794
TD-DEPARTMENT OF TRANSPORTATION,95570
HE-DEPARTMENT OF HEALTH AND HUMAN SERVICES,240000
VA-DEPARTMENT OF VETERANS AFFAIRS,203499
VA-DEPARTMENT OF VETERANS AFFAIRS,34372.89
AG-DEPARTMENT OF AGRICULTURE,84790
DJ-DEPARTMENT OF JUSTICE,178180
ST-DEPARTMENT OF STATE,43828
VA-DEPARTMENT OF VETERANS AFFAIRS,75167
VA-DEPARTMENT OF VETERANS AFFAIRS,123070
TR-DEPARTMENT OF THE TREASURY,56976
DJ-DEPARTMENT OF JUSTICE,141555
VA-DEPARTMENT OF VETERANS AFFAIRS,31158.91
HE-DEPARTMENT OF HEALTH AND HUMAN SERVICES,180000
DL-DEPARTMENT OF LABOR,100736
TR-DEPARTMENT OF THE TREASURY,119794
VA-DEPARTMENT OF VETERANS AFFAIRS,38839.07
DL-DEPARTMENT OF LABOR,119794
VA-DEPARTMENT OF VETERANS AFFAIRS,85001
AG-DEPARTMENT OF AGRICULTURE,87257.47
TD-DEPARTMENT OF TRANSPORTATION,147170
ST-DEPARTMENT OF STATE,79996
FD-FEDERAL DEPOSIT INSURANCE CORPORATION,84329
ST-DEPARTMENT OF STATE,141555
TR-DEPARTMENT OF THE TREASURY,59037
IN-DEPARTMENT OF THE INTERIOR,32318
VA-DEPARTMENT OF VETERANS AFFAIRS,75672
IN-DEPARTMENT OF THE INTERIOR,98476
VA-DEPARTMENT OF VETERANS AFFAIRS,77834
HS-DEPARTMENT OF HOMELAND SECURITY,136941
TD-DEPARTMENT OF TRANSPORTATION,85087
VA-DEPARTMENT OF VETERANS AFFAIRS,82848
ST-DEPARTMENT OF STATE,128082
CM-DEPARTMENT OF COMMERCE,31624
CM-DEPARTMENT OF COMMERCE,34787
VA-DEPARTMENT OF VETERANS AFFAIRS,121386
TR-DEPARTMENT OF THE TREASURY,98476
VA-DEPARTMENT OF VETERANS AFFAIRS,154207
DJ-DEPARTMENT OF JUSTICE,54055
HS-DEPARTMENT OF HOMELAND SECURITY,67076.18
VA-DEPARTMENT OF VETERANS AFFAIRS,90073
TR-DEPARTMENT OF THE TREASURY,129723
VA-DEPARTMENT OF VETERANS AFFAIRS,75973
TR-DEPARTMENT OF THE TREASURY,64118
HS-DEPARTMENT OF HOMELAND SECURITY,119794
ST-DEPARTMENT OF STATE,117105
VA-DEPARTMENT OF VETERANS AFFAIRS,30741.51
HS-DEPARTMENT OF HOMELAND SECURITY,120772
HE-DEPARTMENT OF HEALTH AND HUMAN SERVICES,141555
IN-DEPARTMENT OF THE INTERIOR,148862
HS-DEPARTMENT OF HOMELAND SECURITY,89156.64
VA-DEPARTMENT OF VETERANS AFFAIRS,63654
VA-DEPARTMENT OF VETERANS AFFAIRS,90638
GS-GENERAL SERVICES ADMINISTRATION,123406
VA-DEPARTMENT OF VETERANS AFFAIRS,72363
TR-DEPARTMENT OF THE TREASURY,92316
VA-DEPARTMENT OF VETERANS AFFAIRS,134551
IN-DEPARTMENT OF THE INTERIOR,142021
IN-DEPARTMENT OF THE INTERIOR,42702
HE-DEPARTMENT OF HEALTH AND HUMAN SERVICES,194863
TR-DEPARTMENT OF THE TREASURY,56976
VA-DEPARTMENT OF VETERANS AFFAIRS,57520
VA-DEPARTMENT OF VETERANS AFFAIRS,226099
VA-DEPARTMENT OF VETERANS AFFAIRS,83241
TD-DEPARTMENT OF TRANSPORTATION,120341
IN-DEPARTMENT OF THE INTERIOR,67145
AG-DEPARTMENT OF AGRICULTURE,77019
CM-DEPARTMENT OF COMMERCE,34787
VA-DEPARTMENT OF VETERANS AFFAIRS,101156
VA-DEPARTMENT OF VETERANS AFFAIRS,142021
VA-DEPARTMENT OF VETERANS AFFAIRS,91331
AG-DEPARTMENT OF AGRICULTURE,129115
HE-DEPARTMENT OF HEALTH AND HUMAN SERVICES,55666
HS-DEPARTMENT OF HOMELAND SECURITY,53390
DL-DEPARTMENT OF LABOR,95217
HS-DEPARTMENT OF HOMELAND SECURITY,182657
VA-DEPARTMENT OF VETERANS AFFAIRS,47254
IN-DEPARTMENT OF THE INTERIOR,57622.07
VA-DEPARTMENT OF VETERANS AFFAIRS,38772
TD-DEPARTMENT OF TRANSPORTATION,176503
VA-DEPARTMENT OF VETERANS AFFAIRS,186000
EE-EQUAL EMPLOYMENT OPPORTUNITY COMMISSION,45995
AG-DEPARTMENT OF AGRICULTURE,128503
VA-DEPARTMENT OF VETERANS AFFAIRS,82798
IN-DEPARTMENT OF THE INTERIOR,51133
TR-DEPARTMENT OF THE TREASURY,130666
TR-DEPARTMENT OF THE TREASURY,77834
TR-DEPARTMENT OF THE TREASURY,55516
VA-DEPARTMENT OF VETERANS AFFAIRS,57127
VA-DEPARTMENT OF VETERANS AFFAIRS,65170
AG-DEPARTMENT OF AGRICULTURE,32318
VA-DEPARTMENT OF VETERANS AFFAIRS,54055
HE-DEPARTMENT OF HEALTH AND HUMAN SERVICES,62803
EP-ENVIRONMENTAL PROTECTION AGENCY,96171
SZ-SOCIAL SECURITY ADMINISTRATION,79996
TD-DEPARTMENT OF TRANSPORTATION,123070
FT-FEDERAL TRADE COMMISSION,107505
TR-DEPARTMENT OF THE TREASURY,117105
AG-DEPARTMENT OF AGRICULTURE,147296
TD-DEPARTMENT OF TRANSPORTATION,160300
AG-DEPARTMENT OF AGRICULTURE,56976
VA-DEPARTMENT OF VETERANS AFFAIRS,47327
TR-DEPARTMENT OF THE TREASURY,93607
FD-FEDERAL DEPOSIT INSURANCE CORPORATION,226584
VA-DEPARTMENT OF VETERANS AFFAIRS,67024
HS-DEPARTMENT OF HOMELAND SECURITY,76074
HS-DEPARTMENT OF HOMELAND SECURITY,43571
VA-DEPARTMENT OF VETERANS AFFAIRS,90701
VA-DEPARTMENT OF VETERANS AFFAIRS,338849
VA-DEPARTMENT OF VETERANS AFFAIRS,40935
TD-DEPARTMENT OF TRANSPORTATION,179927
TD-DEPARTMENT OF TRANSPORTATION,119660
TD-DEPARTMENT OF TRANSPORTATION,142291
SZ-SOCIAL SECURITY ADMINISTRATION,56976
HE-DEPARTMENT OF HEALTH AND HUMAN SERVICES,79734
TD-DEPARTMENT OF TRANSPORTATION,97992
VA-DEPARTMENT OF VETERANS AFFAIRS,60182
HE-DEPARTMENT OF HEALTH AND HUMAN SERVICES,53610
HS-DEPARTMENT OF HOMELAND SECURITY,69672
CM-DEPARTMENT OF COMMERCE,168340
CM-DEPARTMENT OF COMMERCE,92316
VA-DEPARTMENT OF VETERANS AFFAIRS,91609
NN-NATIONAL AERONAUTICS AND SPACE ADMINISTRATION,113160
CM-DEPARTMENT OF COMMERCE,155500
HE-DEPARTMENT OF HEALTH AND HUMAN SERVICES,52175
IN-DEPARTMENT OF THE INTERIOR,92477
IN-DEPARTMENT OF THE INTERIOR,118018
VA-DEPARTMENT OF VETERANS AFFAIRS,40033
IN-DEPARTMENT OF THE INTERIOR,49374
VA-DEPARTMENT OF VETERANS AFFAIRS,40828
IN-DEPARTMENT OF THE INTERIOR,142021
VA-DEPARTMENT OF VETERANS AFFAIRS,78114
VA-DEPARTMENT OF VETERANS AFFAIRS,101042
VA-DEPARTMENT OF VETERANS AFFAIRS,48641
VA-DEPARTMENT OF VETERANS AFFAIRS,49354
TR-DEPARTMENT OF THE TREASURY,36895
AG-DEPARTMENT OF AGRICULTURE,104304
NN-NATIONAL AERONAUTICS AND SPACE ADMINISTRATION,160300
NU-NUCLEAR REGULATORY COMMISSION,134296
VA-DEPARTMENT OF VETERANS AFFAIRS,58969
IN-DEPARTMENT OF THE INTERIOR,41367
HS-DEPARTMENT OF HOMELAND SECURITY,101335
IN-DEPARTMENT OF THE INTERIOR,101043
VA-DEPARTMENT OF VETERANS AFFAIRS,148612
HE-DEPARTMENT OF HEALTH AND HUMAN SERVICES,49158
IN-DEPARTMENT OF THE INTERIOR,47374.9
GS-GENERAL SERVICES ADMINISTRATION,98702
HE-DEPARTMENT OF HEALTH AND HUMAN SERVICES,71012
HS-DEPARTMENT OF HOMELAND SECURITY,107859
AG-DEPARTMENT OF AGRICULTURE,32498
HE-DEPARTMENT OF HEALTH AND HUMAN SERVICES,134296
CM-DEPARTMENT OF COMMERCE,92316
TD-DEPARTMENT OF TRANSPORTATION,145908
TR-DEPARTMENT OF THE TREASURY,63095
VA-DEPARTMENT OF VETERANS AFFAIRS,160300
HS-DEPARTMENT OF HOMELAND SECURITY,82862
ST-DEPARTMENT OF STATE,104433
VA-DEPARTMENT OF VETERANS AFFAIRS,34247.67
NN-NATIONAL AERONAUTICS AND SPACE ADMINISTRATION,98580
HS-DEPARTMENT OF HOMELAND SECURITY,90368
AG-DEPARTMENT OF AGRICULTURE,160300
VA-DEPARTMENT OF VETERANS AFFAIRS,73728
VA-DEPARTMENT OF VETERANS AFFAIRS,96575
HS-DEPARTMENT OF HOMELAND SECURITY,95951
TD-DEPARTMENT OF TRANSPORTATION,79996
VA-DEPARTMENT OF VETERANS AFFAIRS,37211.21
VA-DEPARTMENT OF VETERANS AFFAIRS,29849
VA-DEPARTMENT OF VETERANS AFFAIRS,40828
VA-DEPARTMENT OF VETERANS AFFAIRS,26859.69
CM-DEPARTMENT OF COMMERCE,36989
CM-DEPARTMENT OF COMMERCE,139897
TR-DEPARTMENT OF THE TREASURY,101067
HS-DEPARTMENT OF HOMELAND SECURITY,108552
HE-DEPARTMENT OF HEALTH AND HUMAN SERVICES,152837
VA-DEPARTMENT OF VETERANS AFFAIRS,77108
AG-DEPARTMENT OF AGRICULTURE,82848
HE-DEPARTMENT OF HEALTH AND HUMAN SERVICES,95530
VA-DEPARTMENT OF VETERANS AFFAIRS,333962
VA-DEPARTMENT OF VETERANS AFFAIRS,51736.73
TD-DEPARTMENT OF TRANSPORTATION,88562
VA-DEPARTMENT OF VETERANS AFFAIRS,45995
HE-DEPARTMENT OF HEALTH AND HUMAN SERVICES,71012
HS-DEPARTMENT OF HOMELAND SECURITY,62758
TR-DEPARTMENT OF THE TREASURY,61003
AG-DEPARTMENT OF AGRICULTURE,32318
TR-DEPARTMENT OF THE TREASURY,168222
VA-DEPARTMENT OF VETERANS AFFAIRS,226066
CM-DEPARTMENT OF COMMERCE,137926
IN-DEPARTMENT OF THE INTERIOR,123070
TD-DEPARTMENT OF TRANSPORTATION,71012
ST-DEPARTMENT OF STATE,137926
VA-DEPARTMENT OF VETERANS AFFAIRS,64329
TR-DEPARTMENT OF THE TREASURY,53390
VA-DEPARTMENT OF VETERANS AFFAIRS,104304
SZ-SOCIAL SECURITY ADMINISTRATION,73510
VA-DEPARTMENT OF VETERANS AFFAIRS,70102
HE-DEPARTMENT OF HEALTH AND HUMAN SERVICES,178380
TD-DEPARTMENT OF TRANSPORTATION,118305
AG-DEPARTMENT OF AGRICULTURE,55397
VA-DEPARTMENT OF VETERANS AFFAIRS,110941
VA-DEPARTMENT OF VETERANS AFFAIRS,90610
DJ-DEPARTMENT OF JUSTICE,87821
SZ-SOCIAL SECURITY ADMINISTRATION,73070
IN-DEPARTMENT OF THE INTERIOR,80481
HS-DEPARTMENT OF HOMELAND SECURITY,119744
ST-DEPARTMENT OF STATE,84320
HE-DEPARTMENT OF HEALTH AND HUMAN SERVICES,52175
ST-DEPARTMENT OF STATE,104777
DL-DEPARTMENT OF LABOR,92448
TR-DEPARTMENT OF THE TREASURY,137193
FD-FEDERAL DEPOSIT INSURANCE CORPORATION,208465
VA-DEPARTMENT OF VETERANS AFFAIRS,28886
VA-DEPARTMENT OF VETERANS AFFAIRS,32318
DJ-DEPARTMENT OF JUSTICE,61003
DJ-DEPARTMENT OF JUSTICE,130281
ST-DEPARTMENT OF STATE,75672
VA-DEPARTMENT OF VETERANS AFFAIRS,45995
NU-NUCLEAR REGULATORY COMMISSION,108074
HS-DEPARTMENT OF HOMELAND SECURITY,46665
VA-DEPARTMENT OF VETERANS AFFAIRS,46204
DJ-DEPARTMENT OF JUSTICE,95217
TD-DEPARTMENT OF TRANSPORTATION,123812
FC-FEDERAL COMMUNICATIONS COMMISSION,157971
ST-DEPARTMENT OF STATE,73510
VA-DEPARTMENT OF VETERANS AFFAIRS,36397.28
ST-DEPARTMENT OF STATE,93293
HS-DEPARTMENT OF HOMELAND SECURITY,88110
ST-DEPARTMENT OF STATE,43828
VA-DEPARTMENT OF VETERANS AFFAIRS,59293
ST-DEPARTMENT OF STATE,90701
DJ-DEPARTMENT OF JUSTICE,73070
VA-DEPARTMENT OF VETERANS AFFAIRS,227386
VA-DEPARTMENT OF VETERANS AFFAIRS,90701
AM-U.S. AGENCY FOR INTERNATIONAL DEVELOPMENT,157525
DL-DEPARTMENT OF LABOR,77744
HS-DEPARTMENT OF HOMELAND SECURITY,44443
VA-DEPARTMENT OF VETERANS AFFAIRS,142414
HE-DEPARTMENT OF HEALTH AND HUMAN SERVICES,120187
VA-DEPARTMENT OF VETERANS AFFAIRS,82927
IN-DEPARTMENT OF THE INTERIOR,36025
CM-DEPARTMENT OF COMMERCE,142018
DJ-DEPARTMENT OF JUSTICE,66329
GS-GENERAL SERVICES ADMINISTRATION,85519
HE-DEPARTMENT OF HEALTH AND HUMAN SERVICES,141555
SE-SECURITIES AND EXCHANGE COMMISSION,220159
AG-DEPARTMENT OF AGRICULTURE,32318
VA-DEPARTMENT OF VETERANS AFFAIRS,43229
VA-DEPARTMENT OF VETERANS AFFAIRS,98413
ST-DEPARTMENT OF STATE,141555
HS-DEPARTMENT OF HOMELAND SECURITY,34018.1
TR-DEPARTMENT OF THE TREASURY,134296
VA-DEPARTMENT OF VETERANS AFFAIRS,34204
HS-DEPARTMENT OF HOMELAND SECURITY,92889
GS-GENERAL SERVICES ADMINISTRATION,95884
TR-DEPARTMENT OF THE TREASURY,120187
TD-DEPARTMENT OF TRANSPORTATION,113522
HS-DEPARTMENT OF HOMELAND SECURITY,95704
HE-DEPARTMENT OF HEALTH AND HUMAN SERVICES,147296
HS-DEPARTMENT OF HOMELAND SECURITY,107859
AG-DEPARTMENT OF AGRICULTURE,58759
TR-DEPARTMENT OF THE TREASURY,56976
CM-DEPARTMENT OF COMMERCE,100741
HS-DEPARTMENT OF HOMELAND SECURITY,185100
VA-DEPARTMENT OF VETERANS AFFAIRS,84320
VA-DEPARTMENT OF VETERANS AFFAIRS,60469
TD-DEPARTMENT OF TRANSPORTATION,185100
TR-DEPARTMENT OF THE TREASURY,75044
IN-DEPARTMENT OF THE INTERIOR,95688.95
VA-DEPARTMENT OF VETERANS AFFAIRS,33412.87
HE-DEPARTMENT OF HEALTH AND HUMAN SERVICES,119776
EP-ENVIRONMENTAL PROTECTION AGENCY,145162
TD-DEPARTMENT OF TRANSPORTATION,147170
VA-DEPARTMENT OF VETERANS AFFAIRS,34247.67
TR-DEPARTMENT OF THE TREASURY,52043
VA-DEPARTMENT OF VETERANS AFFAIRS,45995
IN-DEPARTMENT OF THE INTERIOR,87021
AG-DEPARTMENT OF AGRICULTURE,90073
HS-DEPARTMENT OF HOMELAND SECURITY,103340
AG-DEPARTMENT OF AGRICULTURE,104150
HE-DEPARTMENT OF HEALTH AND HUMAN SERVICES,93542
TR-DEPARTMENT OF THE TREASURY,141555
HS-DEPARTMENT OF HOMELAND SECURITY,113650
VA-DEPARTMENT OF VETERANS AFFAIRS,109592
TD-DEPARTMENT OF TRANSPORTATION,85158
AG-DEPARTMENT OF AGRICULTURE,77019
VA-DEPARTMENT OF VETERANS AFFAIRS,109781
HS-DEPARTMENT OF HOMELAND SECURITY,78250
VA-DEPARTMENT OF VETERANS AFFAIRS,36560
HS-DEPARTMENT OF HOMELAND SECURITY,145162
VA-DEPARTMENT OF VETERANS AFFAIRS,77019
DJ-DEPARTMENT OF JUSTICE,84320
VA-DEPARTMENT OF VETERANS AFFAIRS,142021
VA-DEPARTMENT OF VETERANS AFFAIRS,65655
VA-DEPARTMENT OF VETERANS AFFAIRS,33058.08
IN-DEPARTMENT OF THE INTERIOR,71095
EP-ENVIRONMENTAL PROTECTION AGENCY,120187
VA-DEPARTMENT OF VETERANS AFFAIRS,49374
VA-DEPARTMENT OF VETERANS AFFAIRS,46705
HE-DEPARTMENT OF HEALTH AND HUMAN SERVICES,140892
CM-DEPARTMENT OF COMMERCE,87582
IN-DEPARTMENT OF THE INTERIOR,160300
VA-DEPARTMENT OF VETERANS AFFAIRS,128933
IN-DEPARTMENT OF THE INTERIOR,60391
ST-DEPARTMENT OF STATE,73510
IN-DEPARTMENT OF THE INTERIOR,67145
ST-DEPARTMENT OF STATE,75672
VA-DEPARTMENT OF VETERANS AFFAIRS,51590.64
CM-DEPARTMENT OF COMMERCE,89466
SZ-SOCIAL SECURITY ADMINISTRATION,77834
TR-DEPARTMENT OF THE TREASURY,85215
VA-DEPARTMENT OF VETERANS AFFAIRS,44430
HS-DEPARTMENT OF HOMELAND SECURITY,39618
HE-DEPARTMENT OF HEALTH AND HUMAN SERVICES,138379
VA-DEPARTMENT OF VETERANS AFFAIRS,75973
VA-DEPARTMENT OF VETERANS AFFAIRS,79996
VA-DEPARTMENT OF VETERANS AFFAIRS,86020
SZ-SOCIAL SECURITY ADMINISTRATION,69688
VA-DEPARTMENT OF VETERANS AFFAIRS,84320
DL-DEPARTMENT OF LABOR,57183
SZ-SOCIAL SECURITY ADMINISTRATION,32357
FD-FEDERAL DEPOSIT INSURANCE CORPORATION,94767
VA-DEPARTMENT OF VETERANS AFFAIRS,79914
DJ-DEPARTMENT OF JUSTICE,123070
FD-FEDERAL DEPOSIT INSURANCE CORPORATION,156392
HE-DEPARTMENT OF HEALTH AND HUMAN SERVICES,71012
HS-DEPARTMENT OF HOMELAND SECURITY,56976
HE-DEPARTMENT OF HEALTH AND HUMAN SERVICES,100736
HS-DEPARTMENT OF HOMELAND SECURITY,56604
HS-DEPARTMENT OF HOMELAND SECURITY,70060
AG-DEPARTMENT OF AGRICULTURE,54055
AG-DEPARTMENT OF AGRICULTURE,60391
VA-DEPARTMENT OF VETERANS AFFAIRS,119744
IN-DEPARTMENT OF THE INTERIOR,67145
TD-DEPARTMENT OF TRANSPORTATION,160300
HS-DEPARTMENT OF HOMELAND SECURITY,105636
AG-DEPARTMENT OF AGRICULTURE,62022
DJ-DEPARTMENT OF JUSTICE,149432
DJ-DEPARTMENT OF JUSTICE,87821
AG-DEPARTMENT OF AGRICULTURE,69120
HS-DEPARTMENT OF HOMELAND SECURITY,82848
ST-DEPARTMENT OF STATE,98289
AG-DEPARTMENT OF AGRICULTURE,63207
VA-DEPARTMENT OF VETERANS AFFAIRS,72183
VA-DEPARTMENT OF VETERANS AFFAIRS,39627
AG-DEPARTMENT OF AGRICULTURE,46705
DJ-DEPARTMENT OF JUSTICE,127036
HE-DEPARTMENT OF HEALTH AND HUMAN SERVICES,174852
DJ-DEPARTMENT OF JUSTICE,116146
TD-DEPARTMENT OF TRANSPORTATION,107543
DJ-DEPARTMENT OF JUSTICE,100081
VA-DEPARTMENT OF VETERANS AFFAIRS,82848
SZ-SOCIAL SECURITY ADMINISTRATION,119776
ST-DEPARTMENT OF STATE,90701
ST-DEPARTMENT OF STATE,73510
AG-DEPARTMENT OF AGRICULTURE,160300
HS-DEPARTMENT OF HOMELAND SECURITY,160300
EP-ENVIRONMENTAL PROTECTION AGENCY,162148
VA-DEPARTMENT OF VETERANS AFFAIRS,63175
IN-DEPARTMENT OF THE INTERIOR,61221
TR-DEPARTMENT OF THE TREASURY,35381
VA-DEPARTMENT OF VETERANS AFFAIRS,40754
AG-DEPARTMENT OF AGRICULTURE,102324
DL-DEPARTMENT OF LABOR,48211
VA-DEPARTMENT OF VETERANS AFFAIRS,62153
SZ-SOCIAL SECURITY ADMINISTRATION,85519
DJ-DEPARTMENT OF JUSTICE,112517
IN-DEPARTMENT OF THE INTERIOR,44933.11
CM-DEPARTMENT OF COMMERCE,129721
TD-DEPARTMENT OF TRANSPORTATION,149075
VA-DEPARTMENT OF VETERANS AFFAIRS,53863
VA-DEPARTMENT OF VETERANS AFFAIRS,59513
HS-DEPARTMENT OF HOMELAND SECURITY,48968
TD-DEPARTMENT OF TRANSPORTATION,73890
FT-FEDERAL TRADE COMMISSION,160300
VA-DEPARTMENT OF VETERANS AFFAIRS,211990
DJ-DEPARTMENT OF JUSTICE,160300
AG-DEPARTMENT OF AGRICULTURE,86020
TR-DEPARTMENT OF THE TREASURY,49672
AM-U.S. AGENCY FOR INTERNATIONAL DEVELOPMENT,130666
VA-DEPARTMENT OF VETERANS AFFAIRS,51256.72
VA-DEPARTMENT OF VETERANS AFFAIRS,32318
VA-DEPARTMENT OF VETERANS AFFAIRS,82831
NN-NATIONAL AERONAUTICS AND SPACE ADMINISTRATION,48968
HS-DEPARTMENT OF HOMELAND SECURITY,87258
HE-DEPARTMENT OF HEALTH AND HUMAN SERVICES,110578
TD-DEPARTMENT OF TRANSPORTATION,96411
DB-PUBLIC INTEREST DECLASSIFICATION BOARD,121956.45
HS-DEPARTMENT OF HOMELAND SECURITY,99270
HS-DEPARTMENT OF HOMELAND SECURITY,46672
VA-DEPARTMENT OF VETERANS AFFAIRS,87094
HS-DEPARTMENT OF HOMELAND SECURITY,107272
ST-DEPARTMENT OF STATE,73510
TD-DEPARTMENT OF TRANSPORTATION,134426
DJ-DEPARTMENT OF JUSTICE,64279.6
EP-ENVIRONMENTAL PROTECTION AGENCY,120187
HS-DEPARTMENT OF HOMELAND SECURITY,34560
DL-DEPARTMENT OF LABOR,93293
TD-DEPARTMENT OF TRANSPORTATION,165002
VA-DEPARTMENT OF VETERANS AFFAIRS,82927
VA-DEPARTMENT OF VETERANS AFFAIRS,75044
NN-NATIONAL AERONAUTICS AND SPACE ADMINISTRATION,140892
VA-DEPARTMENT OF VETERANS AFFAIRS,76588
HS-DEPARTMENT OF HOMELAND SECURITY,88110
HS-DEPARTMENT OF HOMELAND SECURITY,39934
VA-DEPARTMENT OF VETERANS AFFAIRS,49007
HS-DEPARTMENT OF HOMELAND SECURITY,87786
HS-DEPARTMENT OF HOMELAND SECURITY,104292
HS-DEPARTMENT OF HOMELAND SECURITY,70700
AG-DEPARTMENT OF AGRICULTURE,114023
HS-DEPARTMENT OF HOMELAND SECURITY,80481
TR-DEPARTMENT OF THE TREASURY,51133
TR-DEPARTMENT OF THE TREASURY,123406
DJ-DEPARTMENT OF JUSTICE,119794
VA-DEPARTMENT OF VETERANS AFFAIRS,81170
ST-DEPARTMENT OF STATE,90701
ST-DEPARTMENT OF STATE,73510
DJ-DEPARTMENT OF JUSTICE,55516
TR-DEPARTMENT OF THE TREASURY,79996
GS-GENERAL SERVICES ADMINISTRATION,92429
IN-DEPARTMENT OF THE INTERIOR,46616
HS-DEPARTMENT OF HOMELAND SECURITY,93294
VA-DEPARTMENT OF VETERANS AFFAIRS,107859
ST-DEPARTMENT OF STATE,73510
VA-DEPARTMENT OF VETERANS AFFAIRS,48054
TD-DEPARTMENT OF TRANSPORTATION,114530
TD-DEPARTMENT OF TRANSPORTATION,117093
VA-DEPARTMENT OF VETERANS AFFAIRS,34268.54
IN-DEPARTMENT OF THE INTERIOR,103053
IN-DEPARTMENT OF THE INTERIOR,111836
VA-DEPARTMENT OF VETERANS AFFAIRS,77343
HE-DEPARTMENT OF HEALTH AND HUMAN SERVICES,32318
TD-DEPARTMENT OF TRANSPORTATION,144452
VA-DEPARTMENT OF VETERANS AFFAIRS,36960.77
HS-DEPARTMENT OF HOMELAND SECURITY,68401
VA-DEPARTMENT OF VETERANS AFFAIRS,95704
CM-DEPARTMENT OF COMMERCE,101067
SZ-SOCIAL SECURITY ADMINISTRATION,59860
SZ-SOCIAL SECURITY ADMINISTRATION,90701
VA-DEPARTMENT OF VETERANS AFFAIRS,114049
SE-SECURITIES AND EXCHANGE COMMISSION,248292
DJ-DEPARTMENT OF JUSTICE,160300
NN-NATIONAL AERONAUTICS AND SPACE ADMINISTRATION,160300
VA-DEPARTMENT OF VETERANS AFFAIRS,67024
GW-INTERNATIONAL BOUNDARY AND WATER COMMISSION:  UNITED STATES AND MEXICO,82848
HU-DEPARTMENT OF HOUSING AND URBAN DEVELOPMENT,83517
ST-DEPARTMENT OF STATE,71115
VA-DEPARTMENT OF VETERANS AFFAIRS,75747
HE-DEPARTMENT OF HEALTH AND HUMAN SERVICES,107505
VA-DEPARTMENT OF VETERANS AFFAIRS,54676
VA-DEPARTMENT OF VETERANS AFFAIRS,56976
VA-DEPARTMENT OF VETERANS AFFAIRS,82158
VA-DEPARTMENT OF VETERANS AFFAIRS,54055
ST-DEPARTMENT OF STATE,101067
SM-SMITHSONIAN INSTITUTION,43493
TR-DEPARTMENT OF THE TREASURY,56976
CM-DEPARTMENT OF COMMERCE,101067
TD-DEPARTMENT OF TRANSPORTATION,61272
TR-DEPARTMENT OF THE TREASURY,88110
TD-DEPARTMENT OF TRANSPORTATION,98675
DJ-DEPARTMENT OF JUSTICE,122872
DL-DEPARTMENT OF LABOR,170400
HS-DEPARTMENT OF HOMELAND SECURITY,90701
IN-DEPARTMENT OF THE INTERIOR,74958
VA-DEPARTMENT OF VETERANS AFFAIRS,114623
CM-DEPARTMENT OF COMMERCE,160300
ST-DEPARTMENT OF STATE,73510
HS-DEPARTMENT OF HOMELAND SECURITY,55973.34
TR-DEPARTMENT OF THE TREASURY,51270
HS-DEPARTMENT OF HOMELAND SECURITY,80481
VA-DEPARTMENT OF VETERANS AFFAIRS,93293
VA-DEPARTMENT OF VETERANS AFFAIRS,29849
DJ-DEPARTMENT OF JUSTICE,160200
VA-DEPARTMENT OF VETERANS AFFAIRS,95704
TD-DEPARTMENT OF TRANSPORTATION,176732
VA-DEPARTMENT OF VETERANS AFFAIRS,61374
VA-DEPARTMENT OF VETERANS AFFAIRS,49956
PU-PEACE CORPS,147970
VA-DEPARTMENT OF VETERANS AFFAIRS,194680
GS-GENERAL SERVICES ADMINISTRATION,84320
IN-DEPARTMENT OF THE INTERIOR,141987
HS-DEPARTMENT OF HOMELAND SECURITY,75747
IN-DEPARTMENT OF THE INTERIOR,79996
SZ-SOCIAL SECURITY ADMINISTRATION,41864
AG-DEPARTMENT OF AGRICULTURE,50600
VA-DEPARTMENT OF VETERANS AFFAIRS,87258
NN-NATIONAL AERONAUTICS AND SPACE ADMINISTRATION,160300
TR-DEPARTMENT OF THE TREASURY,101067
VA-DEPARTMENT OF VETERANS AFFAIRS,36560
VA-DEPARTMENT OF VETERANS AFFAIRS,90059
IN-DEPARTMENT OF THE INTERIOR,52043
VA-DEPARTMENT OF VETERANS AFFAIRS,53863
TD-DEPARTMENT OF TRANSPORTATION,105255
AG-DEPARTMENT OF AGRICULTURE,85215
TD-DEPARTMENT OF TRANSPORTATION,91150
HE-DEPARTMENT OF HEALTH AND HUMAN SERVICES,109245
TD-DEPARTMENT OF TRANSPORTATION,171918
TD-DEPARTMENT OF TRANSPORTATION,120170
ST-DEPARTMENT OF STATE,77834
DJ-DEPARTMENT OF JUSTICE,97721
FD-FEDERAL DEPOSIT INSURANCE CORPORATION,203387
VA-DEPARTMENT OF VETERANS AFFAIRS,51270
AG-DEPARTMENT OF AGRICULTURE,63654
GS-GENERAL SERVICES ADMINISTRATION,109765
TR-DEPARTMENT OF THE TREASURY,56976
AG-DEPARTMENT OF AGRICULTURE,39440
VA-DEPARTMENT OF VETERANS AFFAIRS,80336
DL-DEPARTMENT OF LABOR,153702
TR-DEPARTMENT OF THE TREASURY,62542
VA-DEPARTMENT OF VETERANS AFFAIRS,104150
TR-DEPARTMENT OF THE TREASURY,56976
EP-ENVIRONMENTAL PROTECTION AGENCY,101694
VA-DEPARTMENT OF VETERANS AFFAIRS,70546
CT-COMMODITY FUTURES TRADING COMMISSION,143146
ST-DEPARTMENT OF STATE,128082
AG-DEPARTMENT OF AGRICULTURE,73510
HS-DEPARTMENT OF HOMELAND SECURITY,145162
VA-DEPARTMENT OF VETERANS AFFAIRS,101042
VA-DEPARTMENT OF VETERANS AFFAIRS,54734
AG-DEPARTMENT OF AGRICULTURE,77744
VA-DEPARTMENT OF VETERANS AFFAIRS,101476
AG-DEPARTMENT OF AGRICULTURE,32318
AG-DEPARTMENT OF AGRICULTURE,85215
TD-DEPARTMENT OF TRANSPORTATION,129579
AG-DEPARTMENT OF AGRICULTURE,55495
VA-DEPARTMENT OF VETERANS AFFAIRS,69672
HE-DEPARTMENT OF HEALTH AND HUMAN SERVICES,132352
CM-DEPARTMENT OF COMMERCE,128000
TD-DEPARTMENT OF TRANSPORTATION,100359
HS-DEPARTMENT OF HOMELAND SECURITY,84204
HE-DEPARTMENT OF HEALTH AND HUMAN SERVICES,154207
TD-DEPARTMENT OF TRANSPORTATION,78311
HE-DEPARTMENT OF HEALTH AND HUMAN SERVICES,137926
TR-DEPARTMENT OF THE TREASURY,51722
NU-NUCLEAR REGULATORY COMMISSION,45630
TR-DEPARTMENT OF THE TREASURY,64329
DJ-DEPARTMENT OF JUSTICE,157237
TD-DEPARTMENT OF TRANSPORTATION,60064
IN-DEPARTMENT OF THE INTERIOR,49545.38
VA-DEPARTMENT OF VETERANS AFFAIRS,77391
EP-ENVIRONMENTAL PROTECTION AGENCY,120187
VA-DEPARTMENT OF VETERANS AFFAIRS,104777
TD-DEPARTMENT OF TRANSPORTATION,66441
HS-DEPARTMENT OF HOMELAND SECURITY,35239
FD-FEDERAL DEPOSIT INSURANCE CORPORATION,141244
VA-DEPARTMENT OF VETERANS AFFAIRS,286835
TR-DEPARTMENT OF THE TREASURY,62542
HS-DEPARTMENT OF HOMELAND SECURITY,34560
HE-DEPARTMENT OF HEALTH AND HUMAN SERVICES,157971
FD-FEDERAL DEPOSIT INSURANCE CORPORATION,230296
AG-DEPARTMENT OF AGRICULTURE,37941
HE-DEPARTMENT OF HEALTH AND HUMAN SERVICES,78209
TR-DEPARTMENT OF THE TREASURY,59037
VA-DEPARTMENT OF VETERANS AFFAIRS,72828
CU-NATIONAL CREDIT UNION ADMINISTRATION,168210
EP-ENVIRONMENTAL PROTECTION AGENCY,133168
HE-DEPARTMENT OF HEALTH AND HUMAN SERVICES,64862
TR-DEPARTMENT OF THE TREASURY,39440
HE-DEPARTMENT OF HEALTH AND HUMAN SERVICES,108133
HS-DEPARTMENT OF HOMELAND SECURITY,40367
SK-CONSUMER PRODUCT SAFETY COMMISSION,101067
VA-DEPARTMENT OF VETERANS AFFAIRS,70937.13
ST-DEPARTMENT OF STATE,73510
ED-DEPARTMENT OF EDUCATION,104433
VA-DEPARTMENT OF VETERANS AFFAIRS,56976
HS-DEPARTMENT OF HOMELAND SECURITY,82848
NL-NATIONAL LABOR RELATIONS BOARD,98612
EP-ENVIRONMENTAL PROTECTION AGENCY,102324
TD-DEPARTMENT OF TRANSPORTATION,183925
FD-FEDERAL DEPOSIT INSURANCE CORPORATION,144920
HE-DEPARTMENT OF HEALTH AND HUMAN SERVICES,123406
DJ-DEPARTMENT OF JUSTICE,114943
VA-DEPARTMENT OF VETERANS AFFAIRS,83241
AG-DEPARTMENT OF AGRICULTURE,69120
VA-DEPARTMENT OF VETERANS AFFAIRS,49442
HS-DEPARTMENT OF HOMELAND SECURITY,100206
VA-DEPARTMENT OF VETERANS AFFAIRS,129170
DJ-DEPARTMENT OF JUSTICE,83667.83
TR-DEPARTMENT OF THE TREASURY,55007
AG-DEPARTMENT OF AGRICULTURE,67145
VA-DEPARTMENT OF VETERANS AFFAIRS,51270
TR-DEPARTMENT OF THE TREASURY,183151
HE-DEPARTMENT OF HEALTH AND HUMAN SERVICES,109781
AG-DEPARTMENT OF AGRICULTURE,64329
TD-DEPARTMENT OF TRANSPORTATION,185100
EP-ENVIRONMENTAL PROTECTION AGENCY,130325
TR-DEPARTMENT OF THE TREASURY,63095
VA-DEPARTMENT OF VETERANS AFFAIRS,90701
DJ-DEPARTMENT OF JUSTICE,120187
VA-DEPARTMENT OF VETERANS AFFAIRS,80481
HS-DEPARTMENT OF HOMELAND SECURITY,124811
TR-DEPARTMENT OF THE TREASURY,104777
VA-DEPARTMENT OF VETERANS AFFAIRS,29447.57
DJ-DEPARTMENT OF JUSTICE,160200
DJ-DEPARTMENT OF JUSTICE,112472
GS-GENERAL SERVICES ADMINISTRATION,114424
CM-DEPARTMENT OF COMMERCE,170400
AG-DEPARTMENT OF AGRICULTURE,63196
AG-DEPARTMENT OF AGRICULTURE,84320
VA-DEPARTMENT OF VETERANS AFFAIRS,64329
IN-DEPARTMENT OF THE INTERIOR,79740
VA-DEPARTMENT OF VETERANS AFFAIRS,116146
HS-DEPARTMENT OF HOMELAND SECURITY,106849
VA-DEPARTMENT OF VETERANS AFFAIRS,59250
AG-DEPARTMENT OF AGRICULTURE,49374
TR-DEPARTMENT OF THE TREASURY,42898
DJ-DEPARTMENT OF JUSTICE,85238
TR-DEPARTMENT OF THE TREASURY,63095
SM-SMITHSONIAN INSTITUTION,95570
TR-DEPARTMENT OF THE TREASURY,107859
HS-DEPARTMENT OF HOMELAND SECURITY,141374
VA-DEPARTMENT OF VETERANS AFFAIRS,73380
VA-DEPARTMENT OF VETERANS AFFAIRS,63095
TR-DEPARTMENT OF THE TREASURY,63095
EP-ENVIRONMENTAL PROTECTION AGENCY,119794
VA-DEPARTMENT OF VETERANS AFFAIRS,54664
DJ-DEPARTMENT OF JUSTICE,104150
PU-PEACE CORPS,127640
AG-DEPARTMENT OF AGRICULTURE,108887
HS-DEPARTMENT OF HOMELAND SECURITY,67076.18
HS-DEPARTMENT OF HOMELAND SECURITY,75627
VA-DEPARTMENT OF VETERANS AFFAIRS,53435
AG-DEPARTMENT OF AGRICULTURE,73380
VA-DEPARTMENT OF VETERANS AFFAIRS,79232
TR-DEPARTMENT OF THE TREASURY,35841
TR-DEPARTMENT OF THE TREASURY,114023
SZ-SOCIAL SECURITY ADMINISTRATION,95217
VA-DEPARTMENT OF VETERANS AFFAIRS,44077.44
HS-DEPARTMENT OF HOMELAND SECURITY,36025
HS-DEPARTMENT OF HOMELAND SECURITY,39685
VA-DEPARTMENT OF VETERANS AFFAIRS,37225
TR-DEPARTMENT OF THE TREASURY,56976
HS-DEPARTMENT OF HOMELAND SECURITY,36249
VA-DEPARTMENT OF VETERANS AFFAIRS,46060.09
VA-DEPARTMENT OF VETERANS AFFAIRS,44470
ST-DEPARTMENT OF STATE,137926
TD-DEPARTMENT OF TRANSPORTATION,120187
HS-DEPARTMENT OF HOMELAND SECURITY,65170
VA-DEPARTMENT OF VETERANS AFFAIRS,53925
ED-DEPARTMENT OF EDUCATION,107505
ST-DEPARTMENT OF STATE,92445
CU-NATIONAL CREDIT UNION ADMINISTRATION,138342
HE-DEPARTMENT OF HEALTH AND HUMAN SERVICES,136622
EP-ENVIRONMENTAL PROTECTION AGENCY,126983
HS-DEPARTMENT OF HOMELAND SECURITY,73380
VA-DEPARTMENT OF VETERANS AFFAIRS,56976
DJ-DEPARTMENT OF JUSTICE,96171
AG-DEPARTMENT OF AGRICULTURE,45371
DJ-DEPARTMENT OF JUSTICE,62820
HS-DEPARTMENT OF HOMELAND SECURITY,53320
TR-DEPARTMENT OF THE TREASURY,93293
DJ-DEPARTMENT OF JUSTICE,87350
VA-DEPARTMENT OF VETERANS AFFAIRS,46831
VA-DEPARTMENT OF VETERANS AFFAIRS,34472
HS-DEPARTMENT OF HOMELAND SECURITY,52446
HU-DEPARTMENT OF HOUSING AND URBAN DEVELOPMENT,101335
IN-DEPARTMENT OF THE INTERIOR,104150
CM-DEPARTMENT OF COMMERCE,132352
VA-DEPARTMENT OF VETERANS AFFAIRS,69688
AG-DEPARTMENT OF AGRICULTURE,84320
HS-DEPARTMENT OF HOMELAND SECURITY,86208
HE-DEPARTMENT OF HEALTH AND HUMAN SERVICES,100736
CM-DEPARTMENT OF COMMERCE,95713
VA-DEPARTMENT OF VETERANS AFFAIRS,46705
HS-DEPARTMENT OF HOMELAND SECURITY,36988
HS-DEPARTMENT OF HOMELAND SECURITY,58227.3
TD-DEPARTMENT OF TRANSPORTATION,97575
TR-DEPARTMENT OF THE TREASURY,118188
HS-DEPARTMENT OF HOMELAND SECURITY,88110
VA-DEPARTMENT OF VETERANS AFFAIRS,38609.5
NQ-NATIONAL ARCHIVES AND RECORDS ADMINISTRATION,77490
IN-DEPARTMENT OF THE INTERIOR,117374
SZ-SOCIAL SECURITY ADMINISTRATION,73270
DL-DEPARTMENT OF LABOR,93293
DL-DEPARTMENT OF LABOR,71099
CM-DEPARTMENT OF COMMERCE,31624
TR-DEPARTMENT OF THE TREASURY,66115
EP-ENVIRONMENTAL PROTECTION AGENCY,120187
SZ-SOCIAL SECURITY ADMINISTRATION,160204
SZ-SOCIAL SECURITY ADMINISTRATION,110941
HS-DEPARTMENT OF HOMELAND SECURITY,117105
VA-DEPARTMENT OF VETERANS AFFAIRS,113091
DJ-DEPARTMENT OF JUSTICE,120187
IN-DEPARTMENT OF THE INTERIOR,75747
DJ-DEPARTMENT OF JUSTICE,60586
VA-DEPARTMENT OF VETERANS AFFAIRS,73380
HS-DEPARTMENT OF HOMELAND SECURITY,104433
HS-DEPARTMENT OF HOMELAND SECURITY,42314
VA-DEPARTMENT OF VETERANS AFFAIRS,48211